estatus,banco,I1,I2,I3,I4,I5,I6,I7,I8,I9,I10,I11,I12,I13,I14,I15,I16,I17,I18,I19,I20,I21,I22,I23,I24,I25,I26,I27,I28,I29,I30
0,RESERVAS,26.17 ,55.22 ,4.91 ,3.63 ,0.45 ,3.15 ,58.76 ,74.67 ,2.76 ,4.75 ,8.70 ,94.71 ,85.25 ,9.46 ,5.29 ,2.90 ,35.05 ,30.87 ,30.57 ,70.91 ,5.76 ,68.29 ,31.71 ,41.26 ,65.85 ,16.35 ,5.10 ,5.08 ,25.15 ,14.15 
0,SCOTIA BANK,25.00 ,68.55 ,0.20 ,1.43 ,0.55 ,2.92 ,68.65 ,80.03 ,1.45 ,6.98 ,12.66 ,97.26 ,86.21 ,11.05 ,2.74 ,2.61 ,31.24 ,29.79 ,25.20 ,81.92 ,6.94 ,58.50 ,41.50 ,40.77 ,78.71 ,20.27 ,7.39 ,6.62 ,34.13 ,2.75 
0,CITIBANK,23.00 ,59.34 ,5.95 ,5.82 ,(0.02),4.48 ,64.44 ,56.84 ,4.71 ,5.38 ,22.79 ,95.21 ,67.05 ,28.16 ,4.79 ,3.40 ,40.46 ,36.92 ,28.94 ,104.81 ,9.30 ,48.12 ,51.88 ,40.10 ,84.56 ,21.75 ,4.09 ,8.49 ,39.80 ,13.84 
0,POPULAR,17.62 ,73.92 ,(0.00),4.19 ,0.40 ,3.17 ,73.79 ,77.12 ,1.36 ,7.63 ,10.77 ,97.49 ,62.21 ,35.28 ,2.51 ,2.33 ,22.84 ,20.54 ,17.62 ,86.18 ,8.70 ,38.50 ,61.50 ,48.50 ,82.84 ,18.13 ,6.30 ,7.82 ,32.79 ,5.02 
0,DEL PROGRESO,18.93 ,61.31 ,3.39 ,6.08 ,0.87 ,8.59 ,63.51 ,72.68 ,2.88 ,8.61 ,10.31 ,93.38 ,52.33 ,41.05 ,6.62 ,4.76 ,26.05 ,22.42 ,20.90 ,76.60 ,8.67 ,37.10 ,62.90 ,28.52 ,72.15 ,22.95 ,8.39 ,7.46 ,16.18 ,1.62 
1,BANCREDITO,26.45 ,55.85 ,0.94 ,7.07 ,1.48 ,7.03 ,54.70 ,70.91 ,1.50 ,8.73 ,11.10 ,91.32 ,64.90 ,26.43 ,8.68 ,5.13 ,37.30 ,31.81 ,27.03 ,68.31 ,6.98 ,44.88 ,55.12 ,25.46 ,63.88 ,29.44 ,12.94 ,5.96 ,12.38 ,6.24 
1,MERCANTIL,22.38 ,65.12 ,0.55 ,4.01 ,0.91 ,4.85 ,65.24 ,79.81 ,1.13 ,7.30 ,8.68 ,94.15 ,72.74 ,21.41 ,5.85 ,5.22 ,28.05 ,25.57 ,22.49 ,75.01 ,5.90 ,43.94 ,56.06 ,24.85 ,71.91 ,23.24 ,10.75 ,5.38 ,12.15 ,16.30 
0,B.H.D.,17.90 ,68.93 ,2.01 ,4.55 ,0.89 ,5.20 ,67.78 ,77.34 ,1.91 ,6.73 ,10.46 ,90.62 ,51.54 ,39.07 ,9.38 ,5.03 ,23.15 ,20.97 ,18.46 ,83.10 ,6.25 ,47.46 ,52.54 ,36.38 ,79.23 ,17.74 ,8.26 ,5.66 ,17.75 ,5.90 
1,BANINTER,15.80 ,66.85 ,1.45 ,6.11 ,2.57 ,4.77 ,66.61 ,61.23 ,2.05 ,8.79 ,11.42 ,93.60 ,57.58 ,36.02 ,6.40 ,3.97 ,25.81 ,18.79 ,15.95 ,81.22 ,8.60 ,45.82 ,54.18 ,25.37 ,77.11 ,21.91 ,10.49 ,6.26 ,21.46 ,2.61 
0,CRUZ,34.56 ,40.86 ,14.78 ,5.76 ,0.53 ,2.80 ,55.70 ,81.01 ,0.59 ,14.11 ,16.31 ,98.89 ,84.47 ,14.41 ,1.11 ,1.27 ,42.66 ,42.29 ,49.34 ,68.08 ,5.94 ,45.13 ,54.87 ,34.24 ,66.48 ,19.36 ,9.17 ,5.89 ,10.56 ,0.63 
0,SANTIAGO,14.85 ,55.00 ,2.29 ,3.49 ,0.11 ,23.31 ,47.30 ,55.18 ,0.61 ,46.72 ,43.17 ,71.56 ,71.56 ,0.00 ,28.44 ,12.55 ,26.91 ,26.91 ,17.14 ,103.82 ,21.32 ,46.40 ,53.60 ,34.96 ,100.81 ,30.82 ,19.45 ,21.32 ,(8.34),0.43 
0,BDI,24.43 ,70.32 ,0.20 ,1.03 ,2.02 ,2.90 ,53.69 ,81.47 ,0.86 ,9.44 ,9.36 ,74.37 ,73.69 ,0.68 ,25.63 ,2.24 ,29.98 ,28.94 ,24.47 ,83.55 ,1.73 ,59.34 ,40.66 ,7.35 ,77.81 ,24.31 ,18.30 ,1.67 ,(6.70),0.00 
0,PROFESIONAL,28.26 ,63.87 ,0.53 ,3.39 ,0.62 ,2.88 ,61.00 ,86.11 ,1.10 ,9.26 ,10.33 ,92.24 ,89.23 ,3.01 ,7.76 ,2.56 ,32.81 ,32.55 ,28.85 ,74.19 ,3.88 ,64.16 ,35.84 ,23.02 ,71.82 ,21.26 ,11.19 ,3.85 ,4.07 ,5.24 
0,VIMENCA,70.96 ,2.47 ,0.00 ,14.56 ,0.00 ,11.98 ,2.67 ,39.12 ,1.42 ,58.35 ,58.71 ,88.47 ,88.47 ,0.00 ,11.53 ,18.06 ,181.42 ,181.42 ,70.96 ,6.31 ,7.20 ,47.74 ,52.26 ,33.83 ,5.98 ,111.39 ,7.17 ,7.20 ,0.40 ,0.00 
0,RESERVAS,23.34 ,58.01 ,5.29 ,3.44 ,(0.13),2.65 ,61.24 ,73.82 ,3.00 ,4.53 ,8.48 ,94.49 ,82.53 ,11.96 ,5.51 ,2.04 ,31.62 ,27.62 ,27.27 ,74.89 ,6.50 ,67.25 ,32.75 ,41.80 ,69.16 ,16.33 ,5.58 ,5.67 ,27.93 ,16.75 
0,SCOTIA BANK,28.34 ,65.88 ,0.19 ,2.17 ,0.49 ,1.60 ,65.99 ,79.87 ,1.49 ,6.64 ,12.28 ,97.37 ,85.67 ,11.70 ,2.63 ,2.51 ,35.49 ,33.75 ,28.53 ,78.68 ,7.50 ,56.50 ,43.50 ,34.48 ,75.32 ,22.32 ,7.90 ,7.14 ,37.05 ,1.92 
0,CITIBANK,19.69 ,58.34 ,9.03 ,5.80 ,0.00 ,5.48 ,66.63 ,56.27 ,5.11 ,5.23 ,22.74 ,95.29 ,65.68 ,29.61 ,4.71 ,3.49 ,35.00 ,31.53 ,28.72 ,107.86 ,10.21 ,47.79 ,52.21 ,30.86 ,87.20 ,22.87 ,4.30 ,9.20 ,43.77 ,9.24 
0,POPULAR,20.53 ,70.10 ,(0.00),4.44 ,0.47 ,2.81 ,69.77 ,76.71 ,1.79 ,7.90 ,11.09 ,97.40 ,63.58 ,33.82 ,2.60 ,2.14 ,26.76 ,23.94 ,20.53 ,81.76 ,9.30 ,37.11 ,62.89 ,48.81 ,78.84 ,20.31 ,6.72 ,8.32 ,32.63 ,6.97 
0,DEL PROGRESO,17.07 ,61.99 ,6.37 ,5.44 ,1.01 ,7.43 ,68.26 ,73.89 ,1.93 ,9.01 ,10.93 ,95.41 ,54.03 ,41.38 ,4.59 ,4.42 ,23.10 ,19.98 ,22.83 ,80.02 ,10.36 ,36.13 ,63.87 ,31.26 ,76.76 ,25.49 ,9.57 ,8.96 ,17.66 ,1.69 
1,BANCREDITO,26.59 ,57.92 ,0.86 ,6.51 ,1.34 ,6.23 ,57.70 ,65.90 ,1.23 ,7.86 ,10.22 ,92.82 ,59.21 ,33.61 ,7.18 ,5.41 ,40.34 ,32.35 ,27.12 ,71.53 ,7.46 ,43.79 ,56.21 ,25.29 ,65.47 ,27.09 ,12.06 ,5.98 ,24.25 ,6.63 
1,MERCANTIL,20.22 ,67.44 ,0.43 ,4.25 ,0.96 ,4.78 ,67.30 ,79.66 ,1.10 ,7.40 ,9.23 ,94.43 ,71.74 ,22.70 ,5.57 ,4.76 ,25.38 ,23.54 ,20.34 ,79.03 ,6.69 ,43.95 ,56.05 ,25.01 ,74.77 ,25.64 ,12.51 ,6.21 ,20.05 ,15.92 
0,B.H.D.,18.48 ,69.01 ,2.09 ,4.25 ,0.78 ,4.82 ,70.79 ,77.24 ,1.96 ,6.23 ,10.04 ,94.65 ,48.59 ,46.07 ,5.35 ,4.92 ,23.92 ,21.47 ,19.08 ,82.61 ,6.51 ,46.43 ,53.57 ,35.04 ,79.04 ,18.19 ,8.41 ,5.84 ,22.14 ,6.28 
1,BANINTER,20.34 ,63.81 ,1.41 ,5.45 ,2.30 ,4.30 ,64.16 ,70.13 ,1.82 ,8.59 ,11.05 ,94.69 ,54.43 ,40.27 ,5.31 ,3.70 ,29.01 ,23.85 ,20.48 ,76.45 ,7.36 ,45.69 ,54.31 ,24.83 ,73.33 ,22.46 ,10.23 ,6.05 ,21.83 ,3.10 
0,CRUZ,49.22 ,40.65 ,0.00 ,7.07 ,0.47 ,2.09 ,40.74 ,79.10 ,0.91 ,12.86 ,14.48 ,98.55 ,74.60 ,23.95 ,1.45 ,1.68 ,62.23 ,59.13 ,49.22 ,48.82 ,6.14 ,45.40 ,54.60 ,27.15 ,47.53 ,26.60 ,8.94 ,5.84 ,11.53 ,0.62 
0,SANTIAGO,17.32 ,55.89 ,0.00 ,3.58 ,0.09 ,22.54 ,41.76 ,58.33 ,0.28 ,48.22 ,40.37 ,64.74 ,64.74 ,0.00 ,35.26 ,13.37 ,29.69 ,29.69 ,17.32 ,95.82 ,22.92 ,46.56 ,53.44 ,35.51 ,93.72 ,34.84 ,20.70 ,22.92 ,(16.96),0.44 
0,BDI,24.38 ,68.81 ,0.94 ,1.12 ,3.52 ,4.09 ,56.35 ,81.56 ,0.85 ,9.92 ,11.10 ,78.56 ,77.72 ,0.84 ,21.44 ,2.43 ,29.89 ,28.98 ,25.15 ,82.91 ,2.03 ,58.38 ,41.62 ,7.46 ,78.46 ,28.56 ,21.14 ,1.96 ,5.63 ,0.00 
0,PROFESIONAL,29.09 ,63.93 ,0.57 ,3.23 ,0.59 ,2.07 ,62.53 ,86.20 ,0.58 ,8.88 ,10.35 ,94.64 ,84.82 ,9.82 ,5.36 ,2.35 ,33.74 ,33.15 ,29.09 ,73.51 ,4.16 ,63.46 ,36.54 ,22.70 ,71.95 ,22.90 ,12.01 ,4.09 ,8.73 ,13.36 
0,VIMENCA,44.22 ,2.11 ,31.65 ,12.49 ,0.00 ,9.10 ,34.10 ,49.11 ,2.34 ,47.47 ,47.89 ,95.75 ,95.75 ,0.00 ,4.25 ,17.33 ,90.04 ,90.04 ,75.87 ,68.74 ,10.93 ,36.37 ,63.63 ,49.06 ,64.79 ,8.00 ,6.03 ,10.93 ,0.67 ,0.00 
0,RESERVAS,38.30 ,46.01 ,4.07 ,2.72 ,(0.09),2.09 ,48.33 ,59.66 ,2.56 ,3.45 ,6.09 ,94.24 ,80.35 ,13.89 ,5.76 ,2.03 ,64.19 ,55.56 ,41.36 ,72.66 ,0.45 ,69.18 ,30.82 ,31.13 ,53.33 ,1.59 ,0.60 ,0.39 ,2.66 ,14.10 
0,SCOTIA BANK,30.66 ,64.11 ,0.18 ,2.10 ,0.43 ,1.09 ,63.96 ,79.48 ,1.66 ,6.37 ,12.28 ,97.06 ,84.62 ,12.44 ,2.94 ,2.43 ,38.58 ,36.66 ,30.84 ,76.85 ,0.69 ,56.16 ,43.84 ,19.24 ,73.29 ,2.11 ,0.86 ,0.66 ,4.19 ,1.74 
0,CITIBANK,19.55 ,54.09 ,13.81 ,5.19 ,0.00 ,5.76 ,67.31 ,56.82 ,6.83 ,4.58 ,21.29 ,95.64 ,62.56 ,33.08 ,4.36 ,3.31 ,34.42 ,31.41 ,33.36 ,109.05 ,0.72 ,50.14 ,49.86 ,19.75 ,86.27 ,1.89 ,0.31 ,0.66 ,6.79 ,5.54 
0,POPULAR,20.96 ,69.06 ,0.08 ,4.30 ,0.44 ,3.10 ,68.76 ,77.92 ,1.42 ,7.42 ,10.87 ,97.19 ,62.12 ,35.07 ,2.81 ,2.28 ,26.89 ,24.51 ,21.03 ,80.84 ,0.93 ,51.94 ,48.06 ,46.92 ,77.56 ,1.97 ,0.61 ,0.85 ,1.48 ,7.01 
0,DEL PROGRESO,18.16 ,58.99 ,9.13 ,4.94 ,0.92 ,6.96 ,68.02 ,74.95 ,1.55 ,8.21 ,10.13 ,95.55 ,52.27 ,43.28 ,4.45 ,4.30 ,24.23 ,20.93 ,26.72 ,78.50 ,0.71 ,37.79 ,62.21 ,12.66 ,75.80 ,1.80 ,0.92 ,0.61 ,1.76 ,1.66 
1,BANCREDITO,25.04 ,57.26 ,0.87 ,6.62 ,1.30 ,7.53 ,57.15 ,70.59 ,2.29 ,7.92 ,10.32 ,92.48 ,61.22 ,31.26 ,7.52 ,5.90 ,35.47 ,29.66 ,25.58 ,68.87 ,0.59 ,46.04 ,53.96 ,22.23 ,64.82 ,2.82 ,1.11 ,0.49 ,0.32 ,6.71 
1,MERCANTIL,21.23 ,66.68 ,0.49 ,4.22 ,0.92 ,4.20 ,66.38 ,80.98 ,1.31 ,7.05 ,8.83 ,94.26 ,69.03 ,25.22 ,5.74 ,4.60 ,26.21 ,24.35 ,21.43 ,77.05 ,0.56 ,42.71 ,57.29 ,12.67 ,73.68 ,2.40 ,1.27 ,0.52 ,0.38 ,14.80 
0,B.H.D.,17.80 ,69.35 ,2.12 ,4.16 ,0.71 ,4.91 ,70.45 ,78.25 ,2.30 ,6.01 ,9.82 ,93.61 ,46.35 ,47.26 ,6.39 ,4.99 ,22.74 ,20.71 ,18.39 ,83.17 ,0.56 ,51.61 ,48.39 ,29.29 ,79.25 ,1.64 ,0.80 ,0.51 ,1.33 ,6.63 
1,BANINTER,14.18 ,68.83 ,1.52 ,5.60 ,2.36 ,4.41 ,68.77 ,64.58 ,1.37 ,8.78 ,11.74 ,94.24 ,48.79 ,45.45 ,5.76 ,3.56 ,21.96 ,16.79 ,14.33 ,83.27 ,0.75 ,43.92 ,56.08 ,28.53 ,79.70 ,1.84 ,0.96 ,0.58 ,3.53 ,4.00 
0,CRUZ,53.97 ,36.76 ,0.00 ,6.32 ,0.42 ,2.11 ,36.67 ,75.61 ,0.38 ,11.59 ,13.18 ,97.96 ,71.10 ,26.86 ,2.04 ,1.81 ,71.39 ,67.95 ,53.97 ,46.28 ,0.55 ,43.24 ,56.76 ,7.73 ,42.34 ,3.23 ,0.99 ,0.52 ,1.64 ,0.46 
0,SANTIAGO,17.72 ,55.72 ,0.00 ,3.63 ,0.09 ,22.48 ,38.57 ,58.04 ,0.36 ,49.55 ,40.54 ,59.73 ,59.73 ,0.00 ,40.27 ,13.72 ,30.53 ,30.53 ,17.72 ,96.01 ,1.76 ,48.01 ,51.99 ,44.14 ,93.71 ,1.91 ,1.74 ,1.76 ,(1.96),0.45 
0,BDI,25.44 ,68.08 ,0.94 ,1.14 ,3.15 ,3.60 ,54.79 ,83.56 ,0.58 ,9.96 ,10.73 ,77.06 ,76.13 ,0.93 ,22.94 ,2.55 ,30.44 ,29.50 ,26.22 ,80.05 ,0.17 ,60.61 ,39.39 ,6.18 ,77.32 ,2.31 ,1.87 ,0.16 ,(4.29),0.00 
0,PROFESIONAL,24.88 ,66.00 ,0.61 ,3.46 ,0.63 ,2.33 ,64.49 ,83.90 ,0.81 ,9.57 ,11.26 ,94.49 ,88.67 ,5.81 ,5.51 ,2.39 ,29.65 ,29.33 ,24.88 ,78.52 ,0.40 ,64.41 ,35.59 ,20.97 ,75.06 ,2.24 ,1.46 ,0.40 ,0.95 ,14.74 
0,VIMENCA,55.63 ,1.63 ,25.48 ,9.95 ,0.00 ,7.29 ,27.38 ,59.94 ,1.87 ,38.21 ,37.64 ,95.84 ,95.84 ,0.00 ,4.16 ,17.93 ,92.80 ,92.80 ,81.10 ,45.23 ,1.77 ,62.36 ,37.64 ,60.73 ,43.47 ,1.89 ,1.04 ,1.77 ,(2.25),0.00 
0,RESERVAS,32.36 ,50.82 ,3.96 ,3.15 ,0.20 ,2.61 ,52.94 ,68.99 ,2.12 ,3.86 ,6.80 ,93.74 ,78.33 ,15.41 ,6.26 ,2.75 ,46.90 ,40.97 ,35.18 ,69.35 ,0.94 ,67.63 ,32.37 ,31.60 ,58.77 ,3.36 ,1.23 ,0.82 ,5.83 ,16.03 
0,SCOTIA BANK,31.17 ,62.22 ,0.18 ,2.15 ,0.43 ,2.42 ,62.02 ,79.97 ,1.56 ,6.49 ,12.53 ,96.95 ,87.23 ,9.72 ,3.05 ,2.45 ,38.98 ,37.00 ,31.36 ,74.07 ,1.56 ,52.89 ,47.11 ,26.75 ,71.34 ,4.14 ,1.67 ,1.48 ,4.39 ,1.89 
0,CITIBANK,21.02 ,55.48 ,11.32 ,5.79 ,0.00 ,4.68 ,65.26 ,57.05 ,4.32 ,4.90 ,21.06 ,93.89 ,62.34 ,31.55 ,6.11 ,3.44 ,36.85 ,33.39 ,32.34 ,106.12 ,1.59 ,52.27 ,47.73 ,20.82 ,84.62 ,4.06 ,0.63 ,1.44 ,5.94 ,6.22 
0,POPULAR,21.69 ,68.04 ,0.09 ,4.43 ,0.43 ,3.14 ,67.63 ,78.33 ,1.42 ,7.56 ,11.31 ,96.84 ,64.16 ,32.68 ,3.16 ,2.44 ,27.69 ,25.46 ,21.77 ,80.00 ,1.86 ,44.11 ,55.89 ,48.39 ,76.82 ,3.97 ,1.22 ,1.71 ,3.21 ,7.17 
0,DEL PROGRESO,18.90 ,57.62 ,9.28 ,4.81 ,0.89 ,7.59 ,65.95 ,75.80 ,1.55 ,8.01 ,10.06 ,94.06 ,52.07 ,42.00 ,5.94 ,4.36 ,24.94 ,21.81 ,27.63 ,77.17 ,1.52 ,36.32 ,63.68 ,18.77 ,74.39 ,4.00 ,1.79 ,1.33 ,3.50 ,1.64 
1,BANCREDITO,25.20 ,54.92 ,0.91 ,6.63 ,1.28 ,8.82 ,55.39 ,70.15 ,2.34 ,8.17 ,10.91 ,92.84 ,59.34 ,33.50 ,7.16 ,6.43 ,35.92 ,30.15 ,25.75 ,66.79 ,1.21 ,48.18 ,51.82 ,21.45 ,62.66 ,6.64 ,2.66 ,1.02 ,2.78 ,5.00 
1,MERCANTIL,20.72 ,66.83 ,0.22 ,4.19 ,0.96 ,4.67 ,66.08 ,79.71 ,1.44 ,7.07 ,8.88 ,94.03 ,67.71 ,26.32 ,5.97 ,4.60 ,25.99 ,23.92 ,20.64 ,77.40 ,1.15 ,41.63 ,58.37 ,16.03 ,73.57 ,4.93 ,2.61 ,1.06 ,0.58 ,13.23 
0,B.H.D.,19.41 ,67.77 ,2.01 ,4.16 ,0.72 ,5.38 ,67.82 ,77.01 ,2.77 ,5.93 ,9.79 ,92.10 ,43.94 ,48.16 ,7.90 ,5.16 ,25.20 ,22.96 ,19.91 ,82.53 ,1.14 ,50.06 ,49.94 ,31.22 ,77.36 ,3.25 ,1.62 ,1.04 ,2.35 ,7.02 
0,CRUZ,62.05 ,30.21 ,0.00 ,5.68 ,0.37 ,1.72 ,30.06 ,75.97 ,0.21 ,10.29 ,11.98 ,97.68 ,63.89 ,33.79 ,2.32 ,1.86 ,81.68 ,77.42 ,62.05 ,37.68 ,0.96 ,43.23 ,56.77 ,11.42 ,34.32 ,7.19 ,1.75 ,0.91 ,4.06 ,0.41 
0,SANTIAGO,15.60 ,56.18 ,0.00 ,3.76 ,0.64 ,23.96 ,37.22 ,55.85 ,0.37 ,51.38 ,42.18 ,56.94 ,56.94 ,0.00 ,43.06 ,14.06 ,27.92 ,27.92 ,15.60 ,100.60 ,3.86 ,47.37 ,52.63 ,45.77 ,97.17 ,4.87 ,3.71 ,3.86 ,(1.62),0.47 
0,BDI,32.92 ,61.44 ,0.20 ,1.08 ,2.82 ,3.19 ,50.68 ,83.55 ,0.57 ,9.36 ,10.56 ,79.92 ,78.94 ,0.98 ,20.08 ,2.73 ,39.40 ,38.28 ,32.97 ,71.67 ,0.32 ,60.35 ,39.65 ,6.67 ,68.91 ,5.94 ,3.69 ,0.31 ,0.58 ,0.00 
0,PROFESIONAL,29.88 ,60.83 ,0.56 ,3.16 ,0.61 ,2.37 ,58.52 ,84.23 ,0.71 ,8.78 ,10.37 ,93.07 ,84.94 ,8.14 ,6.93 ,2.33 ,35.47 ,35.00 ,29.88 ,71.91 ,0.69 ,58.68 ,41.32 ,19.84 ,68.49 ,4.46 ,2.68 ,0.69 ,1.42 ,15.18 
0,VIMENCA,41.15 ,1.56 ,40.42 ,9.38 ,0.00 ,7.21 ,42.24 ,59.16 ,1.92 ,36.38 ,37.73 ,95.95 ,95.95 ,0.00 ,4.05 ,17.88 ,69.55 ,69.55 ,81.57 ,70.95 ,4.60 ,70.71 ,29.29 ,64.88 ,67.41 ,2.49 ,2.21 ,4.60 ,2.99 ,0.00 
0,RESERVAS,31.41 ,52.83 ,4.00 ,3.29 ,0.21 ,2.23 ,55.27 ,70.97 ,2.47 ,3.90 ,6.94 ,94.40 ,73.99 ,20.41 ,5.60 ,2.72 ,44.26 ,38.81 ,34.26 ,70.21 ,1.42 ,66.56 ,33.44 ,32.60 ,61.07 ,4.73 ,1.87 ,1.25 ,7.06 ,5.78 
0,SCOTIA BANK,34.26 ,60.46 ,0.17 ,2.04 ,0.42 ,1.21 ,60.39 ,79.20 ,1.53 ,8.02 ,12.28 ,97.25 ,85.34 ,11.92 ,2.75 ,2.35 ,43.26 ,41.53 ,34.43 ,73.50 ,2.23 ,56.87 ,43.13 ,27.59 ,69.12 ,6.39 ,2.47 ,2.14 ,7.73 ,14.44 
0,CITIBANK,26.36 ,52.92 ,9.22 ,5.97 ,0.00 ,4.61 ,61.73 ,55.67 ,5.13 ,4.89 ,20.05 ,95.67 ,62.52 ,33.16 ,4.33 ,3.59 ,47.35 ,42.69 ,35.58 ,100.63 ,2.64 ,53.33 ,46.67 ,22.67 ,77.72 ,6.15 ,0.96 ,2.38 ,9.31 ,4.14 
0,POPULAR,23.11 ,66.68 ,0.43 ,4.40 ,0.41 ,2.82 ,66.73 ,80.10 ,1.69 ,8.38 ,9.50 ,96.83 ,63.07 ,33.76 ,3.17 ,2.61 ,28.85 ,27.09 ,23.54 ,78.66 ,2.62 ,41.67 ,58.33 ,47.21 ,74.15 ,5.93 ,1.82 ,2.46 ,6.11 ,12.73 
0,DEL PROGRESO,18.04 ,52.67 ,14.87 ,4.51 ,0.84 ,8.17 ,66.74 ,77.59 ,1.57 ,7.52 ,9.60 ,94.02 ,52.49 ,41.53 ,5.98 ,4.53 ,23.25 ,20.74 ,32.38 ,77.65 ,2.19 ,35.19 ,64.81 ,20.80 ,74.71 ,5.65 ,2.69 ,1.95 ,5.23 ,67.10 
1,BANCREDITO,33.07 ,50.77 ,0.87 ,6.57 ,1.21 ,6.83 ,51.68 ,70.95 ,2.23 ,7.83 ,10.75 ,93.40 ,56.14 ,37.27 ,6.60 ,6.67 ,46.61 ,39.32 ,33.60 ,61.40 ,1.83 ,46.46 ,53.54 ,21.88 ,57.86 ,10.61 ,4.45 ,1.54 ,4.39 ,5.82 
1,MERCANTIL,24.49 ,62.56 ,0.88 ,4.11 ,0.91 ,4.40 ,62.56 ,81.91 ,1.07 ,6.71 ,8.61 ,93.92 ,65.59 ,28.32 ,6.08 ,4.74 ,29.90 ,28.06 ,25.08 ,72.68 ,1.61 ,42.33 ,57.67 ,17.38 ,69.42 ,7.34 ,3.88 ,1.51 ,2.75 ,8.23 
0,B.H.D.,21.49 ,65.99 ,1.99 ,4.25 ,1.14 ,5.21 ,67.00 ,77.27 ,2.63 ,6.76 ,9.56 ,93.34 ,43.15 ,50.18 ,6.66 ,5.26 ,27.81 ,25.21 ,21.99 ,79.76 ,1.64 ,50.03 ,49.97 ,30.51 ,75.17 ,5.01 ,2.44 ,1.49 ,3.97 ,12.84 
1,BANINTER,3.39 ,59.47 ,0.88 ,3.80 ,1.33 ,28.80 ,58.02 ,48.20 ,1.26 ,6.41 ,7.05 ,93.84 ,52.23 ,41.60 ,6.16 ,2.34 ,7.04 ,3.82 ,3.52 ,67.96 ,1.69 ,42.64 ,57.36 ,22.49 ,64.93 ,3.81 ,2.45 ,0.92 ,(10.05),20.63 
0,CRUZ,62.34 ,29.46 ,0.00 ,5.83 ,0.41 ,1.97 ,29.35 ,80.81 ,0.28 ,10.35 ,12.18 ,97.37 ,63.53 ,33.84 ,2.63 ,2.28 ,77.15 ,72.77 ,62.34 ,34.39 ,1.41 ,43.65 ,56.35 ,12.48 ,33.54 ,12.10 ,2.68 ,1.33 ,6.85 ,89.84 
0,SANTIAGO,35.86 ,52.88 ,0.00 ,3.64 ,2.29 ,7.14 ,38.51 ,57.56 ,0.50 ,50.39 ,28.78 ,62.46 ,62.46 ,0.00 ,37.54 ,14.23 ,62.31 ,62.31 ,35.86 ,91.88 ,5.31 ,46.73 ,53.27 ,45.42 ,74.26 ,9.30 ,5.29 ,5.31 ,0.66 ,216.36 
0,BDI,34.12 ,56.25 ,4.13 ,1.05 ,2.74 ,3.28 ,53.27 ,85.05 ,0.59 ,8.88 ,10.48 ,84.81 ,83.77 ,1.04 ,15.19 ,2.90 ,40.12 ,39.08 ,38.11 ,69.15 ,0.45 ,58.17 ,41.83 ,6.77 ,67.45 ,8.85 ,5.37 ,0.44 ,5.04 ,0.00 
0,PROFESIONAL,32.05 ,58.91 ,0.11 ,3.62 ,0.59 ,2.35 ,57.37 ,84.77 ,0.58 ,8.66 ,10.43 ,94.89 ,84.56 ,10.33 ,5.11 ,2.37 ,37.81 ,37.49 ,32.05 ,69.04 ,1.05 ,61.60 ,38.40 ,19.46 ,65.89 ,7.24 ,4.06 ,1.04 ,2.66 ,6.48 
0,VIMENCA,58.93 ,0.98 ,28.30 ,6.65 ,0.00 ,4.33 ,29.46 ,55.26 ,1.04 ,25.47 ,26.16 ,95.56 ,95.56 ,0.00 ,4.44 ,19.59 ,106.64 ,106.64 ,87.23 ,52.98 ,5.51 ,60.52 ,39.48 ,65.25 ,39.65 ,4.68 ,2.70 ,5.51 ,4.26 ,0.00 
0,RESERVAS,34.92 ,50.63 ,4.82 ,3.08 ,0.21 ,1.73 ,53.93 ,73.26 ,2.26 ,3.52 ,6.35 ,94.45 ,70.45 ,24.01 ,5.55 ,2.62 ,47.66 ,41.76 ,38.37 ,66.32 ,1.70 ,65.01 ,34.99 ,31.55 ,59.21 ,6.09 ,2.35 ,1.49 ,8.65 ,13.71 
0,SCOTIA BANK,40.64 ,55.58 ,0.15 ,1.72 ,0.32 ,0.90 ,55.49 ,81.55 ,2.06 ,6.98 ,11.19 ,97.48 ,85.39 ,12.08 ,2.52 ,2.09 ,49.83 ,48.20 ,40.79 ,66.10 ,2.56 ,54.91 ,45.09 ,29.62 ,62.76 ,8.16 ,2.92 ,2.48 ,12.76 ,5.61 
0,CITIBANK,22.23 ,51.67 ,13.58 ,6.25 ,0.00 ,5.22 ,63.98 ,60.79 ,5.73 ,4.79 ,20.84 ,94.01 ,60.84 ,33.17 ,5.99 ,3.62 ,36.58 ,33.22 ,35.81 ,97.49 ,3.21 ,50.83 ,49.17 ,24.36 ,82.43 ,9.04 ,1.21 ,2.91 ,15.97 ,22.97 
0,POPULAR,33.76 ,57.41 ,0.08 ,3.79 ,0.33 ,2.65 ,57.15 ,82.88 ,1.00 ,7.06 ,8.17 ,96.80 ,63.47 ,33.33 ,3.20 ,2.63 ,40.74 ,38.75 ,33.83 ,65.98 ,2.84 ,40.70 ,59.30 ,45.61 ,62.60 ,8.04 ,2.19 ,2.70 ,8.29 ,6.74 
0,DEL PROGRESO,21.44 ,41.29 ,25.99 ,3.60 ,0.68 ,6.19 ,66.36 ,81.77 ,1.02 ,6.01 ,7.80 ,93.33 ,51.78 ,41.55 ,6.67 ,4.53 ,26.23 ,24.17 ,47.02 ,75.83 ,2.26 ,35.23 ,64.77 ,22.50 ,72.98 ,6.78 ,3.09 ,2.09 ,6.99 ,1.08 
1,BANCREDITO,31.02 ,52.89 ,0.95 ,6.75 ,1.19 ,6.05 ,53.84 ,68.46 ,1.57 ,7.96 ,10.94 ,93.50 ,56.21 ,37.29 ,6.50 ,6.51 ,45.31 ,37.25 ,31.56 ,64.64 ,2.61 ,45.75 ,54.25 ,21.94 ,60.45 ,13.90 ,6.31 ,2.14 ,4.62 ,17.09 
1,MERCANTIL,25.51 ,60.87 ,1.51 ,4.03 ,0.90 ,4.32 ,61.35 ,82.33 ,0.72 ,6.64 ,8.57 ,93.43 ,67.14 ,26.29 ,6.57 ,4.97 ,30.98 ,29.08 ,26.73 ,71.13 ,2.11 ,42.66 ,57.34 ,18.33 ,68.22 ,10.04 ,5.18 ,1.98 ,3.33 ,11.98 
0,B.H.D.,34.13 ,55.37 ,1.70 ,3.64 ,0.98 ,4.18 ,55.60 ,79.43 ,1.76 ,5.76 ,8.24 ,92.10 ,42.64 ,49.46 ,7.90 ,5.37 ,42.97 ,39.62 ,34.55 ,66.26 ,1.84 ,49.25 ,50.75 ,29.48 ,62.20 ,6.86 ,3.00 ,1.69 ,5.13 ,7.35 
1,BANINTER,1.74 ,39.02 ,0.59 ,2.53 ,0.89 ,53.94 ,34.14 ,24.14 ,1.05 ,4.28 ,4.14 ,83.93 ,49.99 ,33.94 ,16.07 ,2.38 ,7.19 ,1.94 ,1.82 ,44.20 ,2.94 ,44.24 ,55.76 ,18.07 ,41.32 ,5.24 ,2.52 ,0.79 ,(20.91),2.01 
0,CRUZ,49.87 ,24.59 ,17.48 ,5.42 ,0.41 ,1.93 ,42.02 ,79.43 ,0.58 ,9.39 ,11.29 ,97.42 ,60.68 ,36.75 ,2.58 ,2.39 ,62.79 ,59.29 ,67.35 ,50.01 ,1.80 ,43.69 ,56.31 ,14.28 ,47.43 ,10.35 ,3.53 ,1.69 ,9.16 ,0.38 
0,SANTIAGO,33.26 ,54.74 ,0.00 ,3.88 ,2.37 ,7.63 ,40.01 ,55.02 ,0.72 ,54.35 ,29.45 ,62.66 ,62.66 ,0.00 ,37.34 ,14.28 ,60.44 ,60.44 ,33.26 ,99.48 ,8.75 ,42.45 ,57.55 ,46.04 ,77.59 ,12.28 ,8.23 ,8.75 ,(4.49),0.50 
0,BDI,39.14 ,50.84 ,4.49 ,0.96 ,2.46 ,2.94 ,47.72 ,85.28 ,0.60 ,8.13 ,9.34 ,82.41 ,81.35 ,1.06 ,17.59 ,3.06 ,45.90 ,44.83 ,43.50 ,63.38 ,0.57 ,58.05 ,41.95 ,6.63 ,61.04 ,11.69 ,6.86 ,0.55 ,2.31 ,0.00 
0,PROFESIONAL,43.92 ,45.32 ,4.14 ,2.67 ,0.25 ,1.55 ,48.40 ,83.63 ,0.47 ,7.32 ,8.53 ,95.44 ,82.45 ,12.99 ,4.56 ,2.27 ,52.52 ,52.18 ,47.96 ,58.77 ,1.06 ,62.51 ,37.49 ,18.62 ,54.07 ,9.25 ,4.41 ,1.06 ,3.44 ,7.50 
0,VIMENCA,84.54 ,1.02 ,0.00 ,7.73 ,0.00 ,5.03 ,1.24 ,62.47 ,0.96 ,29.98 ,30.85 ,95.15 ,95.15 ,0.00 ,4.85 ,21.44 ,135.34 ,135.34 ,84.54 ,1.64 ,7.66 ,57.65 ,42.35 ,61.70 ,1.48 ,231.20 ,3.99 ,7.66 ,4.56 ,0.00 
0,RESERVAS,30.48 ,55.60 ,4.60 ,3.02 ,0.20 ,2.00 ,58.40 ,71.90 ,2.17 ,3.35 ,6.15 ,94.49 ,61.11 ,33.38 ,5.51 ,2.35 ,42.38 ,36.26 ,33.76 ,71.64 ,2.13 ,63.98 ,36.02 ,29.75 ,64.15 ,6.85 ,2.95 ,1.82 ,10.25 ,13.45 
0,SCOTIA BANK,43.28 ,52.96 ,0.14 ,1.57 ,0.32 ,1.00 ,52.63 ,83.36 ,1.09 ,6.43 ,10.88 ,97.18 ,84.32 ,12.86 ,2.82 ,1.96 ,51.92 ,50.14 ,43.42 ,61.52 ,2.83 ,55.54 ,44.46 ,22.08 ,59.58 ,9.97 ,3.41 ,2.74 ,19.14 ,5.21 
0,CITIBANK,19.99 ,55.09 ,11.13 ,6.12 ,0.00 ,6.50 ,65.87 ,65.96 ,3.85 ,4.59 ,20.22 ,95.90 ,61.73 ,34.16 ,4.10 ,3.47 ,30.31 ,27.47 ,31.13 ,91.01 ,3.67 ,48.81 ,51.19 ,18.77 ,83.01 ,9.67 ,1.41 ,3.32 ,16.77 ,14.68 
0,POPULAR,32.24 ,58.47 ,0.77 ,3.63 ,0.32 ,2.23 ,59.08 ,81.79 ,1.04 ,6.67 ,7.87 ,96.73 ,60.22 ,36.50 ,3.27 ,3.02 ,39.42 ,37.09 ,33.01 ,68.14 ,3.43 ,39.80 ,60.20 ,42.43 ,64.30 ,9.56 ,2.82 ,3.23 ,10.41 ,5.88 
0,DEL PROGRESO,23.54 ,43.47 ,22.77 ,3.21 ,0.61 ,5.60 ,65.27 ,80.12 ,1.13 ,5.89 ,6.65 ,93.75 ,50.44 ,43.31 ,6.25 ,4.10 ,29.38 ,26.19 ,45.87 ,73.69 ,2.65 ,35.06 ,64.94 ,15.62 ,70.96 ,8.35 ,3.86 ,2.36 ,8.68 ,1.06 
1,BANCREDITO,29.61 ,53.39 ,0.93 ,6.29 ,1.24 ,6.93 ,54.05 ,57.54 ,2.55 ,8.00 ,10.03 ,93.61 ,49.47 ,44.14 ,6.39 ,5.92 ,51.45 ,39.84 ,30.10 ,73.09 ,3.65 ,44.60 ,55.40 ,22.66 ,60.38 ,15.63 ,8.06 ,2.83 ,4.80 ,15.99 
1,MERCANTIL,23.44 ,63.61 ,0.39 ,3.93 ,0.88 ,4.54 ,62.96 ,79.78 ,1.07 ,6.54 ,8.47 ,93.67 ,63.36 ,30.30 ,6.33 ,4.78 ,29.38 ,26.74 ,23.55 ,73.02 ,2.70 ,42.35 ,57.65 ,14.40 ,69.92 ,12.10 ,6.43 ,2.45 ,3.72 ,9.05 
0,B.H.D.,35.20 ,55.44 ,1.27 ,3.33 ,0.87 ,3.78 ,52.57 ,80.55 ,2.59 ,5.32 ,7.72 ,87.54 ,36.65 ,50.89 ,12.46 ,5.38 ,43.70 ,40.30 ,35.21 ,64.94 ,2.10 ,48.84 ,51.16 ,27.41 ,61.45 ,7.98 ,3.66 ,1.94 ,6.46 ,6.05 
1,BANINTER,1.48 ,37.91 ,0.59 ,2.30 ,0.81 ,55.61 ,30.37 ,16.37 ,0.83 ,3.90 ,3.42 ,76.79 ,44.94 ,31.85 ,23.21 ,2.24 ,9.06 ,1.75 ,1.56 ,45.41 ,5.09 ,45.14 ,54.86 ,18.78 ,39.87 ,5.99 ,3.34 ,0.98 ,(28.36),1.59 
0,CRUZ,69.95 ,23.10 ,0.00 ,4.86 ,0.08 ,1.75 ,23.20 ,79.13 ,0.36 ,8.09 ,10.43 ,98.47 ,60.17 ,38.30 ,1.53 ,1.96 ,88.40 ,83.35 ,69.95 ,27.52 ,2.00 ,44.23 ,55.77 ,9.50 ,25.79 ,19.21 ,4.07 ,1.89 ,13.43 ,0.28 
0,SANTIAGO,24.47 ,59.01 ,3.26 ,4.23 ,2.63 ,8.61 ,45.65 ,65.94 ,0.85 ,60.24 ,31.82 ,61.35 ,61.35 ,0.00 ,38.65 ,14.62 ,37.11 ,37.11 ,27.72 ,94.43 ,10.07 ,43.11 ,56.89 ,46.29 ,91.33 ,14.13 ,9.48 ,10.07 ,(6.90),0.55 
0,BDI,25.61 ,51.22 ,17.52 ,1.00 ,2.67 ,3.26 ,62.03 ,86.16 ,0.41 ,9.25 ,9.72 ,84.03 ,82.77 ,1.26 ,15.97 ,3.29 ,29.72 ,29.03 ,42.97 ,77.92 ,0.73 ,57.57 ,42.43 ,6.37 ,76.14 ,12.24 ,8.93 ,0.71 ,1.88 ,0.03 
0,PROFESIONAL,48.35 ,40.90 ,4.50 ,2.38 ,0.55 ,1.98 ,44.55 ,82.28 ,0.52 ,6.56 ,8.43 ,95.73 ,80.29 ,15.44 ,4.27 ,2.24 ,58.76 ,58.52 ,52.76 ,54.94 ,1.33 ,57.76 ,42.24 ,18.87 ,49.58 ,12.26 ,5.46 ,1.32 ,4.85 ,6.89 
0,VIMENCA,33.07 ,1.11 ,56.48 ,5.72 ,0.00 ,3.54 ,57.75 ,75.05 ,0.78 ,22.10 ,23.56 ,96.45 ,96.45 ,0.00 ,3.55 ,15.69 ,44.06 ,44.06 ,89.55 ,76.73 ,5.88 ,56.50 ,43.50 ,60.16 ,75.34 ,4.60 ,3.38 ,5.88 ,8.36 ,0.00 
0,RESERVAS,32.70 ,50.46 ,6.74 ,2.98 ,0.80 ,2.88 ,56.00 ,72.14 ,2.86 ,3.17 ,5.95 ,95.29 ,62.60 ,32.69 ,4.71 ,2.38 ,45.34 ,39.51 ,38.19 ,69.10 ,2.49 ,63.27 ,36.73 ,27.66 ,60.82 ,9.16 ,3.51 ,2.17 ,12.74 ,13.05 
0,SCOTIA BANK,47.11 ,49.25 ,0.13 ,1.43 ,0.27 ,1.04 ,48.36 ,81.21 ,3.37 ,5.83 ,10.25 ,96.10 ,84.71 ,11.39 ,3.90 ,1.88 ,58.01 ,56.05 ,47.24 ,58.74 ,3.19 ,55.19 ,44.81 ,19.67 ,55.01 ,12.36 ,3.93 ,3.08 ,23.80 ,4.79 
0,CITIBANK,21.49 ,51.06 ,14.11 ,5.73 ,0.00 ,6.35 ,65.14 ,66.01 ,3.76 ,4.32 ,20.42 ,95.16 ,58.79 ,36.37 ,4.84 ,4.79 ,32.56 ,29.44 ,35.60 ,89.25 ,4.36 ,46.75 ,53.25 ,17.55 ,81.89 ,11.21 ,1.68 ,3.94 ,25.09 ,13.67 
0,POPULAR,35.33 ,55.97 ,0.09 ,3.45 ,0.30 ,2.60 ,55.80 ,81.48 ,1.03 ,6.21 ,7.50 ,96.40 ,58.77 ,37.63 ,3.60 ,3.16 ,43.36 ,40.34 ,35.41 ,64.01 ,3.88 ,39.07 ,60.93 ,41.47 ,60.60 ,11.55 ,3.30 ,3.61 ,13.10 ,4.95 
0,DEL PROGRESO,22.45 ,47.00 ,21.14 ,3.08 ,1.06 ,4.74 ,67.39 ,78.96 ,1.31 ,5.79 ,6.61 ,94.58 ,45.44 ,49.14 ,5.42 ,3.89 ,28.44 ,25.13 ,43.14 ,76.26 ,3.24 ,35.04 ,64.96 ,14.41 ,72.96 ,9.76 ,4.87 ,2.86 ,9.88 ,0.93 
0,B.H.D.,34.87 ,55.20 ,1.43 ,3.14 ,0.91 ,4.14 ,54.90 ,79.46 ,3.06 ,5.02 ,7.37 ,91.79 ,37.78 ,54.01 ,8.21 ,5.26 ,43.89 ,40.16 ,35.01 ,65.21 ,2.44 ,48.83 ,51.17 ,26.75 ,61.13 ,9.10 ,4.35 ,2.24 ,7.93 ,6.69 
0,CRUZ,57.65 ,21.76 ,14.19 ,4.27 ,0.21 ,1.59 ,36.02 ,74.79 ,0.38 ,7.08 ,13.55 ,98.46 ,61.36 ,37.10 ,1.54 ,1.86 ,77.08 ,72.92 ,71.84 ,45.47 ,2.25 ,45.06 ,54.94 ,8.48 ,41.58 ,12.37 ,4.72 ,2.13 ,10.55 ,0.16 
0,BDI,24.09 ,54.65 ,15.91 ,1.07 ,2.81 ,3.21 ,63.13 ,83.78 ,1.44 ,9.86 ,10.54 ,83.49 ,81.43 ,2.06 ,16.51 ,3.38 ,28.75 ,28.03 ,39.83 ,82.11 ,0.96 ,57.42 ,42.58 ,6.48 ,78.87 ,15.17 ,11.62 ,0.94 ,3.70 ,0.16 
0,PROFESIONAL,57.69 ,34.48 ,2.85 ,1.74 ,0.64 ,2.26 ,36.41 ,86.52 ,0.65 ,6.79 ,7.45 ,94.86 ,74.31 ,20.55 ,5.14 ,2.55 ,66.67 ,65.98 ,60.46 ,42.69 ,1.41 ,53.90 ,46.10 ,19.05 ,40.33 ,15.76 ,5.52 ,1.40 ,7.78 ,12.24 
0,VIMENCA,49.65 ,0.97 ,41.90 ,4.59 ,0.00 ,2.70 ,43.01 ,78.34 ,1.04 ,17.96 ,19.18 ,96.67 ,96.67 ,0.00 ,3.33 ,14.72 ,63.37 ,63.37 ,91.55 ,54.73 ,5.44 ,55.37 ,44.63 ,58.31 ,53.05 ,7.25 ,3.44 ,5.44 ,8.54 ,0.00 
0,RESERVAS,28.28 ,54.26 ,6.89 ,3.20 ,0.81 ,3.67 ,59.55 ,70.22 ,3.05 ,3.14 ,5.97 ,94.83 ,60.19 ,34.65 ,5.17 ,2.28 ,40.27 ,34.66 ,33.92 ,74.96 ,3.06 ,61.64 ,38.36 ,27.77 ,65.03 ,10.05 ,4.21 ,2.64 ,14.24 ,15.54 
0,SCOTIA BANK,52.73 ,43.83 ,0.11 ,1.35 ,0.22 ,1.22 ,42.81 ,84.79 ,1.24 ,5.24 ,9.59 ,95.60 ,83.50 ,12.09 ,4.40 ,1.86 ,62.19 ,60.24 ,52.85 ,50.20 ,3.26 ,54.92 ,45.08 ,17.89 ,48.61 ,15.08 ,4.15 ,3.16 ,28.86 ,4.41 
0,CITIBANK,20.85 ,53.56 ,11.60 ,5.57 ,0.00 ,7.33 ,66.01 ,65.94 ,3.44 ,4.10 ,19.82 ,96.40 ,59.57 ,36.84 ,3.60 ,5.09 ,31.62 ,28.60 ,32.45 ,89.41 ,4.90 ,47.05 ,52.95 ,15.73 ,81.28 ,12.79 ,1.96 ,4.43 ,27.82 ,20.32 
0,POPULAR,33.19 ,57.53 ,0.38 ,3.36 ,0.29 ,3.02 ,57.79 ,79.22 ,1.76 ,6.31 ,7.73 ,96.78 ,56.76 ,40.02 ,3.22 ,3.00 ,41.90 ,38.21 ,33.20 ,66.68 ,4.47 ,39.24 ,60.76 ,40.51 ,62.77 ,12.64 ,3.84 ,4.08 ,15.08 ,5.27 
0,DEL PROGRESO,33.16 ,49.24 ,8.20 ,3.05 ,1.01 ,4.81 ,56.08 ,77.14 ,1.37 ,5.69 ,6.53 ,93.25 ,43.61 ,49.64 ,6.75 ,4.12 ,42.99 ,37.35 ,40.90 ,64.68 ,3.93 ,34.84 ,65.16 ,13.04 ,61.45 ,13.15 ,5.86 ,3.42 ,10.64 ,1.17 
0,B.H.D.,33.70 ,57.20 ,1.29 ,3.10 ,0.81 ,3.49 ,55.75 ,77.32 ,3.50 ,4.82 ,7.19 ,90.14 ,37.66 ,52.48 ,9.86 ,5.33 ,43.58 ,39.62 ,33.71 ,68.76 ,2.86 ,48.44 ,51.56 ,26.06 ,63.02 ,10.05 ,5.11 ,2.60 ,9.60 ,6.13 
0,CRUZ,47.43 ,23.84 ,22.61 ,4.20 ,0.21 ,1.60 ,46.45 ,75.35 ,0.48 ,6.57 ,12.83 ,98.36 ,58.34 ,40.02 ,1.64 ,1.62 ,62.95 ,59.46 ,70.04 ,58.23 ,2.62 ,42.94 ,57.06 ,7.87 ,53.29 ,12.13 ,5.29 ,2.47 ,12.79 ,0.15 
0,BDI,23.69 ,57.37 ,12.86 ,1.09 ,2.55 ,3.57 ,62.48 ,84.97 ,0.73 ,10.13 ,10.83 ,83.70 ,81.42 ,2.27 ,16.30 ,3.23 ,27.88 ,27.19 ,36.38 ,80.60 ,1.16 ,56.26 ,43.74 ,6.55 ,78.76 ,17.88 ,13.54 ,1.13 ,3.68 ,0.43 
0,PROFESIONAL,54.81 ,36.61 ,3.01 ,2.07 ,0.45 ,2.75 ,38.91 ,83.78 ,0.70 ,7.17 ,7.89 ,94.75 ,70.20 ,24.56 ,5.25 ,3.37 ,65.42 ,64.00 ,57.73 ,46.27 ,1.79 ,53.53 ,46.47 ,17.38 ,43.01 ,19.98 ,7.35 ,1.75 ,8.20 ,13.49 
0,VIMENCA,35.78 ,1.23 ,53.69 ,5.37 ,0.00 ,3.73 ,55.07 ,74.50 ,1.21 ,21.01 ,22.47 ,96.88 ,96.88 ,0.00 ,3.12 ,13.77 ,48.02 ,48.02 ,89.47 ,73.71 ,7.86 ,53.93 ,46.07 ,56.77 ,70.83 ,8.72 ,5.41 ,7.86 ,8.69 ,0.00 
0,RESERVAS,28.81 ,54.20 ,7.02 ,3.95 ,0.81 ,2.67 ,58.98 ,71.30 ,2.68 ,3.07 ,5.91 ,93.66 ,61.33 ,32.33 ,6.34 ,2.28 ,40.41 ,35.33 ,34.59 ,75.08 ,3.42 ,61.10 ,38.90 ,28.36 ,65.07 ,10.97 ,4.81 ,2.99 ,15.58 ,13.16 
0,SCOTIA BANK,47.12 ,35.61 ,0.09 ,1.07 ,0.12 ,15.03 ,34.00 ,74.52 ,4.05 ,3.96 ,8.16 ,93.56 ,81.43 ,12.13 ,6.44 ,1.75 ,63.23 ,54.55 ,47.21 ,41.33 ,3.20 ,55.63 ,44.37 ,19.81 ,38.87 ,16.80 ,4.04 ,2.76 ,45.08 ,3.24 
0,CITIBANK,20.55 ,54.87 ,9.52 ,5.80 ,0.12 ,8.47 ,65.46 ,64.56 ,4.25 ,4.20 ,20.78 ,96.81 ,62.47 ,34.34 ,3.19 ,5.03 ,31.83 ,28.86 ,30.07 ,90.45 ,5.84 ,47.26 ,52.74 ,18.24 ,81.28 ,15.56 ,2.42 ,5.29 ,30.87 ,16.95 
0,POPULAR,35.13 ,56.64 ,0.38 ,3.45 ,0.29 ,1.94 ,56.60 ,81.93 ,1.02 ,6.44 ,8.09 ,96.24 ,57.80 ,38.44 ,3.76 ,3.06 ,42.87 ,40.21 ,35.13 ,65.27 ,5.02 ,38.98 ,61.02 ,40.40 ,62.03 ,15.48 ,4.62 ,4.71 ,18.06 ,5.76 
0,DEL PROGRESO,35.84 ,47.07 ,7.80 ,3.08 ,1.01 ,4.57 ,52.64 ,79.00 ,1.24 ,5.67 ,6.33 ,91.51 ,42.24 ,49.27 ,8.49 ,3.94 ,45.37 ,39.87 ,43.19 ,61.04 ,4.48 ,34.95 ,65.05 ,15.46 ,58.58 ,16.15 ,6.83 ,3.93 ,7.47 ,1.63 
0,B.H.D.,33.47 ,56.72 ,2.02 ,3.16 ,0.86 ,3.57 ,53.42 ,78.07 ,3.71 ,4.91 ,7.44 ,85.79 ,37.74 ,48.05 ,14.21 ,5.33 ,42.87 ,39.14 ,34.24 ,68.70 ,3.34 ,48.32 ,51.68 ,26.60 ,63.46 ,11.93 ,6.10 ,3.05 ,11.33 ,10.03 
0,CRUZ,42.94 ,24.07 ,26.29 ,4.55 ,0.22 ,1.66 ,50.49 ,77.80 ,0.56 ,6.82 ,15.48 ,98.51 ,59.70 ,38.82 ,1.49 ,2.02 ,55.20 ,52.74 ,69.23 ,61.85 ,3.09 ,43.86 ,56.14 ,9.58 ,59.58 ,14.35 ,6.55 ,2.96 ,12.14 ,0.16 
0,BDI,25.33 ,58.79 ,10.30 ,1.20 ,2.54 ,3.11 ,59.22 ,85.06 ,0.46 ,10.65 ,10.54 ,80.24 ,78.04 ,2.19 ,19.76 ,3.56 ,29.78 ,28.90 ,35.46 ,78.82 ,1.41 ,55.92 ,44.08 ,6.53 ,77.24 ,21.70 ,16.00 ,1.37 ,(4.01),0.46 
0,PROFESIONAL,49.62 ,40.68 ,3.46 ,2.32 ,0.63 ,2.94 ,43.22 ,82.41 ,1.00 ,8.24 ,9.39 ,94.35 ,74.80 ,19.55 ,5.65 ,3.47 ,60.21 ,58.39 ,52.99 ,51.94 ,2.45 ,54.35 ,45.65 ,17.44 ,48.72 ,24.52 ,10.01 ,2.37 ,11.92 ,16.42 
0,VIMENCA,31.02 ,1.21 ,58.70 ,5.06 ,0.00 ,3.52 ,60.05 ,76.89 ,1.19 ,19.93 ,21.19 ,96.44 ,96.44 ,0.00 ,3.56 ,13.28 ,40.34 ,40.34 ,89.72 ,77.92 ,8.25 ,53.26 ,46.74 ,54.83 ,76.02 ,10.07 ,6.24 ,8.25 ,8.10 ,0.00 
0,RESERVAS,26.00 ,56.40 ,7.32 ,4.07 ,0.84 ,3.36 ,60.17 ,72.61 ,2.87 ,3.19 ,6.25 ,91.51 ,61.13 ,30.38 ,8.49 ,2.34 ,35.81 ,31.72 ,31.99 ,77.72 ,3.99 ,60.41 ,39.59 ,28.25 ,67.97 ,12.65 ,5.80 ,3.54 ,17.57 ,13.93 
0,SCOTIA BANK,51.87 ,41.06 ,0.09 ,1.40 ,0.12 ,4.37 ,39.23 ,80.80 ,8.31 ,4.12 ,7.43 ,93.64 ,81.26 ,12.38 ,6.36 ,1.77 ,64.19 ,62.62 ,51.95 ,49.68 ,3.61 ,55.49 ,44.51 ,20.73 ,44.45 ,18.33 ,5.46 ,3.52 ,27.11 ,3.52 
0,CITIBANK,20.72 ,57.72 ,11.87 ,6.07 ,0.11 ,3.04 ,67.38 ,62.88 ,4.13 ,4.40 ,22.96 ,91.31 ,63.04 ,28.28 ,8.69 ,5.05 ,32.94 ,29.69 ,32.59 ,99.75 ,7.37 ,46.24 ,53.76 ,20.25 ,90.33 ,17.29 ,2.96 ,6.65 ,37.85 ,10.36 
0,POPULAR,34.36 ,57.28 ,0.36 ,3.45 ,0.27 ,2.13 ,57.09 ,82.25 ,1.07 ,6.34 ,8.11 ,96.26 ,58.40 ,37.86 ,3.74 ,2.80 ,41.78 ,39.23 ,34.37 ,65.81 ,5.64 ,38.39 ,61.61 ,40.79 ,62.73 ,17.36 ,5.34 ,5.29 ,20.12 ,6.00 
0,DEL PROGRESO,37.41 ,47.05 ,6.98 ,3.05 ,1.01 ,4.33 ,51.38 ,80.00 ,1.37 ,5.70 ,6.39 ,90.60 ,45.42 ,45.18 ,9.40 ,4.00 ,46.76 ,41.64 ,44.01 ,60.13 ,5.20 ,33.91 ,66.09 ,17.11 ,57.71 ,19.56 ,7.85 ,4.63 ,8.03 ,1.76 
0,B.H.D.,36.38 ,52.71 ,2.51 ,3.15 ,1.20 ,3.97 ,53.31 ,77.68 ,3.93 ,4.92 ,7.58 ,91.91 ,40.61 ,51.29 ,8.09 ,4.64 ,46.84 ,42.99 ,37.65 ,65.25 ,3.82 ,47.98 ,52.02 ,25.53 ,59.75 ,14.48 ,7.16 ,3.50 ,13.25 ,8.33 
0,CRUZ,47.25 ,23.04 ,23.22 ,4.30 ,0.22 ,1.76 ,46.47 ,78.29 ,0.54 ,12.93 ,14.75 ,98.45 ,63.43 ,35.01 ,1.55 ,2.42 ,60.35 ,58.55 ,70.47 ,57.33 ,3.41 ,43.96 ,56.04 ,10.84 ,54.27 ,17.54 ,7.31 ,3.30 ,13.31 ,1.62 
0,BDI,25.95 ,57.11 ,10.55 ,1.20 ,3.08 ,3.90 ,61.88 ,84.21 ,0.55 ,10.70 ,11.20 ,86.51 ,84.28 ,2.23 ,13.49 ,3.76 ,30.81 ,29.95 ,36.32 ,78.11 ,1.64 ,55.32 ,44.68 ,6.77 ,76.19 ,25.15 ,18.20 ,1.59 ,1.60 ,0.49 
0,PROFESIONAL,53.98 ,35.70 ,3.18 ,2.13 ,0.54 ,3.56 ,38.29 ,82.53 ,1.58 ,7.57 ,8.93 ,94.79 ,76.70 ,18.09 ,5.21 ,3.62 ,65.41 ,63.99 ,57.07 ,46.08 ,2.51 ,55.46 ,44.54 ,16.73 ,42.69 ,29.95 ,10.82 ,2.46 ,15.94 ,6.29 
0,VIMENCA,23.49 ,1.40 ,66.32 ,4.98 ,0.00 ,3.18 ,67.89 ,77.06 ,1.18 ,19.86 ,20.94 ,99.02 ,99.02 ,0.00 ,0.98 ,11.68 ,30.48 ,30.48 ,89.81 ,87.88 ,9.72 ,50.43 ,49.57 ,54.04 ,85.66 ,11.43 ,7.65 ,9.72 ,7.18 ,0.00 
0,RESERVAS,25.36 ,56.91 ,7.55 ,3.89 ,0.82 ,3.13 ,62.20 ,73.59 ,2.39 ,3.04 ,6.18 ,92.03 ,61.33 ,30.69 ,7.97 ,4.17 ,34.46 ,30.93 ,31.42 ,78.63 ,4.32 ,58.72 ,41.28 ,26.27 ,68.71 ,15.16 ,6.27 ,3.88 ,22.29 ,14.97 
0,SCOTIA BANK,53.80 ,36.19 ,0.08 ,3.45 ,0.08 ,5.16 ,35.08 ,82.71 ,2.21 ,3.76 ,6.74 ,90.84 ,77.88 ,12.96 ,9.16 ,6.06 ,65.05 ,59.98 ,53.88 ,40.44 ,4.56 ,49.30 ,50.70 ,21.17 ,38.90 ,21.59 ,5.52 ,4.20 ,26.03 ,3.23 
0,CITIBANK,24.59 ,55.15 ,10.68 ,5.76 ,0.01 ,2.84 ,59.77 ,61.77 ,4.36 ,4.15 ,21.33 ,82.33 ,59.66 ,22.67 ,17.67 ,7.53 ,39.82 ,35.55 ,35.27 ,95.16 ,8.01 ,45.55 ,54.45 ,17.65 ,83.67 ,19.76 ,3.17 ,7.15 ,35.74 ,9.79 
0,POPULAR,35.46 ,56.59 ,0.37 ,3.23 ,0.27 ,1.84 ,56.29 ,82.34 ,1.12 ,5.88 ,7.96 ,95.71 ,55.36 ,40.35 ,4.29 ,3.14 ,43.06 ,40.48 ,35.46 ,65.04 ,5.90 ,38.10 ,61.90 ,39.94 ,61.89 ,18.63 ,5.74 ,5.54 ,27.17 ,3.53 
0,DEL PROGRESO,37.50 ,46.53 ,7.25 ,2.85 ,1.11 ,4.45 ,51.15 ,80.08 ,1.37 ,5.21 ,6.25 ,89.78 ,44.64 ,45.14 ,10.22 ,4.83 ,46.83 ,41.57 ,44.38 ,59.61 ,5.40 ,33.65 ,66.35 ,15.25 ,57.37 ,20.76 ,8.22 ,4.80 ,15.62 ,1.59 
0,B.H.D.,34.65 ,54.29 ,2.74 ,3.02 ,1.21 ,3.83 ,54.60 ,77.86 ,3.49 ,4.65 ,7.30 ,91.20 ,40.41 ,50.79 ,8.80 ,4.54 ,44.50 ,40.75 ,36.10 ,67.08 ,4.03 ,47.71 ,52.29 ,25.14 ,61.51 ,15.06 ,7.68 ,3.69 ,15.30 ,9.55 
0,CRUZ,49.77 ,21.46 ,21.53 ,3.98 ,0.16 ,1.83 ,42.78 ,81.24 ,0.40 ,11.35 ,13.28 ,96.74 ,60.14 ,36.59 ,3.26 ,2.32 ,61.27 ,59.13 ,71.30 ,51.06 ,3.38 ,42.90 ,57.10 ,9.36 ,49.57 ,18.81 ,7.11 ,3.26 ,16.11 ,1.54 
0,BDI,27.29 ,55.95 ,10.67 ,1.19 ,3.11 ,3.70 ,61.11 ,84.37 ,0.84 ,10.67 ,11.18 ,86.82 ,84.25 ,2.57 ,13.18 ,3.69 ,32.35 ,31.44 ,37.79 ,76.74 ,1.83 ,55.02 ,44.98 ,6.77 ,75.00 ,28.09 ,19.97 ,1.78 ,1.70 ,0.32 
0,PROFESIONAL,66.75 ,28.04 ,0.41 ,1.59 ,0.46 ,2.26 ,28.13 ,84.15 ,1.56 ,5.70 ,7.06 ,95.41 ,75.62 ,19.78 ,4.59 ,3.47 ,79.32 ,74.46 ,67.10 ,31.75 ,2.14 ,54.28 ,45.72 ,16.50 ,30.62 ,35.17 ,9.04 ,2.01 ,21.65 ,3.31 
0,VIMENCA,38.59 ,1.55 ,50.83 ,5.00 ,0.00 ,3.03 ,52.56 ,76.80 ,1.20 ,20.14 ,21.44 ,99.10 ,99.10 ,0.00 ,0.90 ,10.79 ,50.25 ,50.25 ,89.42 ,68.21 ,11.32 ,48.91 ,51.09 ,53.74 ,66.68 ,18.07 ,9.08 ,11.32 ,8.17 ,0.43 
0,RESERVAS,27.40 ,54.61 ,7.12 ,3.66 ,0.72 ,3.67 ,58.53 ,77.82 ,2.36 ,2.76 ,5.84 ,90.34 ,61.09 ,29.25 ,9.66 ,4.04 ,35.21 ,32.56 ,33.16 ,73.35 ,4.18 ,58.84 ,41.16 ,26.56 ,65.55 ,15.85 ,6.29 ,3.86 ,26.91 ,13.79 
0,SCOTIA BANK,61.35 ,33.30 ,0.07 ,3.31 ,0.07 ,0.59 ,32.23 ,86.66 ,3.43 ,3.29 ,6.07 ,90.31 ,75.81 ,14.50 ,9.69 ,6.48 ,70.80 ,69.18 ,61.42 ,37.63 ,4.33 ,50.91 ,49.09 ,18.70 ,35.53 ,23.36 ,5.81 ,4.23 ,29.78 ,4.61 
0,CITIBANK,31.22 ,47.30 ,12.38 ,4.48 ,0.00 ,3.64 ,53.92 ,64.31 ,4.63 ,3.92 ,19.86 ,78.91 ,62.22 ,16.69 ,21.09 ,10.14 ,48.55 ,43.16 ,43.60 ,82.51 ,8.16 ,45.12 ,54.88 ,16.03 ,74.46 ,23.01 ,3.17 ,7.26 ,34.80 ,8.93 
0,POPULAR,35.57 ,55.02 ,1.51 ,3.16 ,0.28 ,2.10 ,54.83 ,80.72 ,1.42 ,6.37 ,8.52 ,93.91 ,54.58 ,39.34 ,6.09 ,3.09 ,44.07 ,41.18 ,35.57 ,65.44 ,6.29 ,38.63 ,61.37 ,38.95 ,61.80 ,19.54 ,6.14 ,5.88 ,26.75 ,3.55 
0,DEL PROGRESO,35.46 ,47.54 ,8.52 ,2.70 ,1.04 ,4.25 ,54.16 ,80.30 ,1.48 ,4.88 ,5.88 ,91.28 ,43.79 ,47.48 ,8.72 ,4.94 ,44.16 ,39.21 ,43.59 ,61.98 ,5.69 ,33.57 ,66.43 ,13.67 ,59.55 ,20.93 ,8.70 ,5.05 ,16.01 ,2.07 
0,B.H.D.,32.91 ,55.83 ,2.64 ,2.87 ,1.11 ,3.62 ,55.28 ,77.51 ,3.87 ,4.39 ,7.05 ,89.83 ,42.76 ,47.07 ,10.17 ,4.73 ,42.46 ,39.01 ,34.21 ,69.30 ,4.24 ,47.40 ,52.60 ,24.71 ,62.90 ,15.43 ,8.15 ,3.89 ,17.99 ,9.28 
0,CRUZ,58.42 ,21.58 ,13.60 ,3.60 ,0.14 ,2.38 ,34.86 ,81.58 ,1.52 ,10.02 ,12.49 ,96.46 ,55.11 ,41.34 ,3.54 ,2.06 ,71.61 ,68.66 ,72.02 ,41.35 ,3.33 ,43.24 ,56.76 ,8.03 ,40.20 ,22.47 ,7.08 ,3.19 ,23.70 ,0.32 
0,BDI,25.59 ,60.56 ,6.87 ,1.22 ,3.17 ,4.18 ,60.74 ,83.75 ,0.67 ,10.95 ,11.54 ,85.71 ,82.88 ,2.83 ,14.29 ,3.64 ,30.55 ,29.80 ,32.28 ,78.54 ,2.13 ,55.30 ,44.70 ,6.85 ,76.23 ,31.28 ,22.55 ,2.08 ,3.34 ,0.90 
0,PROFESIONAL,68.42 ,26.22 ,0.06 ,1.38 ,0.40 ,2.83 ,26.09 ,80.04 ,1.23 ,4.99 ,7.49 ,95.73 ,74.45 ,21.27 ,4.27 ,3.60 ,85.47 ,76.07 ,68.42 ,29.21 ,2.17 ,55.00 ,45.00 ,15.43 ,28.40 ,37.43 ,9.29 ,1.93 ,47.40 ,3.04 
0,VIMENCA,48.94 ,1.49 ,40.84 ,4.58 ,0.00 ,2.54 ,42.50 ,63.94 ,1.03 ,18.77 ,20.15 ,99.49 ,99.49 ,0.00 ,0.51 ,10.53 ,76.55 ,76.55 ,89.78 ,66.21 ,14.38 ,47.10 ,52.90 ,53.62 ,53.01 ,23.78 ,11.55 ,14.38 ,9.09 ,0.40 
0,RESERVAS,23.89 ,58.30 ,7.12 ,4.02 ,0.73 ,3.42 ,63.74 ,77.30 ,2.52 ,2.96 ,6.49 ,93.31 ,67.80 ,25.51 ,6.69 ,3.92 ,30.90 ,28.70 ,29.34 ,78.59 ,5.40 ,57.95 ,42.05 ,28.61 ,69.96 ,17.58 ,7.57 ,5.01 ,31.90 ,13.53 
0,SCOTIA BANK ,60.95 ,32.08 ,0.07 ,3.14 ,0.06 ,2.20 ,30.96 ,87.11 ,3.29 ,3.02 ,5.50 ,89.97 ,78.94 ,11.03 ,10.03 ,6.56 ,69.96 ,67.97 ,61.01 ,35.85 ,4.62 ,49.91 ,50.09 ,23.01 ,34.02 ,28.27 ,6.21 ,4.48 ,28.00 ,4.57 
0,CITIBANK ,29.72 ,47.03 ,13.31 ,4.57 ,0.00 ,4.54 ,57.02 ,63.84 ,4.66 ,4.04 ,21.60 ,84.07 ,63.93 ,20.14 ,15.93 ,9.54 ,46.55 ,42.29 ,43.03 ,85.87 ,9.64 ,44.51 ,55.49 ,20.69 ,76.96 ,25.80 ,3.79 ,8.76 ,45.86 ,9.24 
0,POPULAR ,35.24 ,54.87 ,1.70 ,3.42 ,1.88 ,3.52 ,56.13 ,83.02 ,0.78 ,7.50 ,9.51 ,96.03 ,62.99 ,33.04 ,3.97 ,3.21 ,42.45 ,40.18 ,35.67 ,64.48 ,7.30 ,36.23 ,63.77 ,39.70 ,62.50 ,23.05 ,7.13 ,6.91 ,20.72 ,4.18 
0,DEL PROGRESO ,37.91 ,45.86 ,7.75 ,3.45 ,0.86 ,3.72 ,53.32 ,81.48 ,1.61 ,5.38 ,6.38 ,94.63 ,53.34 ,41.29 ,5.37 ,4.77 ,46.53 ,42.12 ,44.43 ,59.56 ,6.61 ,32.21 ,67.79 ,32.10 ,57.26 ,24.72 ,9.99 ,5.98 ,14.53 ,2.30 
0,B.H.D.,34.85 ,54.34 ,1.95 ,3.06 ,1.20 ,4.02 ,54.68 ,79.41 ,2.32 ,4.55 ,7.48 ,91.47 ,50.42 ,41.05 ,8.53 ,5.73 ,43.89 ,40.60 ,35.49 ,65.57 ,4.86 ,46.47 ,53.53 ,24.63 ,60.84 ,18.50 ,9.16 ,4.49 ,20.71 ,7.22 
0,CRUZ,43.53 ,27.27 ,20.49 ,6.30 ,0.11 ,2.07 ,48.03 ,78.09 ,1.18 ,12.33 ,15.55 ,98.18 ,58.95 ,39.23 ,1.82 ,2.81 ,55.75 ,53.62 ,64.02 ,58.82 ,5.16 ,41.64 ,58.36 ,11.26 ,56.55 ,22.49 ,10.28 ,4.97 ,25.26 ,0.46 
0,BDI ,25.17 ,63.77 ,4.79 ,1.32 ,2.79 ,3.75 ,63.17 ,83.12 ,0.42 ,11.87 ,12.89 ,88.06 ,83.23 ,4.83 ,11.94 ,3.82 ,30.28 ,29.48 ,29.76 ,80.29 ,2.62 ,55.11 ,44.89 ,7.36 ,78.70 ,36.65 ,26.44 ,2.56 ,6.49 ,1.00 
0,PROFESIONAL ,48.35 ,26.46 ,21.80 ,1.55 ,0.42 ,1.23 ,48.06 ,81.26 ,1.53 ,5.65 ,6.76 ,95.03 ,80.80 ,14.23 ,4.97 ,4.26 ,59.49 ,53.19 ,70.10 ,53.10 ,2.84 ,56.11 ,43.89 ,14.36 ,51.76 ,25.65 ,11.46 ,2.54 ,17.49 ,1.69 
0,VIMENCA,25.87 ,4.34 ,62.82 ,3.44 ,0.00 ,1.91 ,67.26 ,83.54 ,0.75 ,14.21 ,15.08 ,99.98 ,99.98 ,0.00 ,0.02 ,2.41 ,30.97 ,30.97 ,88.70 ,80.39 ,9.18 ,45.20 ,54.80 ,52.00 ,79.08 ,13.28 ,7.83 ,9.18 ,7.76 ,0.30 
0,RESERVAS,22.08 ,59.40 ,6.94 ,3.65 ,0.75 ,3.78 ,64.08 ,76.56 ,2.30 ,2.67 ,5.85 ,92.79 ,59.02 ,33.77 ,7.21 ,3.54 ,28.85 ,26.48 ,27.49 ,79.56 ,0.42 ,57.88 ,42.12 ,27.58 ,70.47 ,1.54 ,0.65 ,0.38 ,3.68 ,16.21 
0,SCOTIA BANK,61.78 ,28.12 ,0.06 ,2.69 ,0.05 ,4.51 ,27.03 ,83.35 ,4.99 ,3.39 ,7.41 ,90.29 ,77.54 ,12.75 ,9.71 ,5.88 ,74.12 ,72.24 ,61.83 ,32.95 ,0.68 ,46.55 ,53.45 ,34.30 ,30.44 ,9.57 ,0.88 ,0.67 ,35.38 ,2.81 
0,CITIBANK,29.27 ,47.71 ,13.87 ,4.01 ,0.00 ,3.95 ,55.68 ,65.91 ,4.29 ,3.57 ,18.54 ,76.43 ,61.31 ,15.12 ,23.57 ,12.79 ,44.40 ,39.66 ,43.13 ,83.45 ,0.63 ,44.22 ,55.78 ,2.72 ,75.59 ,2.64 ,0.35 ,0.56 ,(4.39),8.65 
0,POPULAR,33.85 ,56.56 ,1.78 ,3.14 ,1.81 ,3.69 ,58.08 ,82.48 ,1.28 ,6.78 ,8.76 ,95.89 ,56.98 ,38.90 ,4.11 ,3.67 ,41.04 ,38.49 ,34.39 ,66.33 ,0.82 ,50.01 ,49.99 ,27.72 ,63.94 ,2.11 ,0.66 ,0.76 ,1.82 ,5.12 
0,DEL PROGRESO,32.18 ,49.74 ,8.10 ,3.12 ,0.76 ,5.16 ,57.16 ,78.45 ,1.78 ,4.86 ,5.83 ,94.12 ,46.90 ,47.21 ,5.88 ,4.59 ,41.02 ,36.20 ,39.07 ,65.06 ,0.51 ,36.40 ,63.60 ,29.31 ,61.41 ,1.83 ,0.98 ,0.45 ,1.07 ,2.92 
0,B.H.D.,29.20 ,59.93 ,2.18 ,2.92 ,1.30 ,3.78 ,57.43 ,75.02 ,3.41 ,4.30 ,7.23 ,86.56 ,42.96 ,43.59 ,13.44 ,6.10 ,38.92 ,34.88 ,29.81 ,74.20 ,0.42 ,48.70 ,51.30 ,13.80 ,66.96 ,1.65 ,0.87 ,0.38 ,2.52 ,5.71 
0,CRUZ,43.54 ,23.86 ,24.41 ,6.28 ,0.10 ,1.47 ,48.49 ,78.27 ,0.90 ,10.84 ,15.19 ,97.53 ,53.21 ,44.32 ,2.47 ,3.34 ,55.62 ,53.08 ,67.95 ,58.85 ,0.44 ,43.62 ,56.38 ,1.84 ,56.92 ,1.63 ,0.73 ,0.42 ,8.21 ,0.37 
0,BDI,21.11 ,65.05 ,5.93 ,1.33 ,2.65 ,4.95 ,64.10 ,83.02 ,0.47 ,12.14 ,13.25 ,85.45 ,78.29 ,7.16 ,14.55 ,4.44 ,25.42 ,24.75 ,26.86 ,83.22 ,0.24 ,64.61 ,35.39 ,4.03 ,81.82 ,2.54 ,1.76 ,0.23 ,0.50 ,1.69 
0,PROFESIONAL,48.59 ,23.84 ,23.64 ,1.44 ,0.40 ,1.50 ,47.42 ,77.28 ,1.74 ,5.28 ,7.20 ,95.08 ,76.78 ,18.30 ,4.92 ,4.67 ,62.87 ,54.11 ,72.18 ,52.88 ,0.24 ,51.43 ,48.57 ,1.60 ,51.17 ,3.00 ,1.20 ,0.21 ,14.07 ,1.75 
0,VIMENCA,27.43 ,5.73 ,59.39 ,3.12 ,0.00 ,1.92 ,65.25 ,83.10 ,0.84 ,13.10 ,15.26 ,100.00 ,100.00 ,0.00 ,0.00 ,2.09 ,33.01 ,33.01 ,86.82 ,78.37 ,0.75 ,43.85 ,56.15 ,28.86 ,76.86 ,2.93 ,1.25 ,0.75 ,10.77 ,0.28 
0,RESERVAS,27.44 ,55.66 ,6.40 ,3.51 ,0.70 ,3.33 ,59.77 ,77.17 ,2.27 ,2.51 ,5.69 ,92.41 ,60.43 ,31.98 ,7.59 ,3.61 ,35.55 ,32.90 ,32.39 ,74.42 ,0.82 ,56.00 ,44.00 ,28.97 ,65.81 ,2.98 ,1.26 ,0.76 ,7.27 ,13.49 
0,SCOTIA BANK,62.92 ,28.10 ,0.05 ,2.65 ,0.05 ,3.43 ,26.95 ,84.88 ,4.39 ,3.27 ,6.96 ,90.02 ,79.06 ,10.96 ,9.98 ,5.94 ,74.13 ,72.45 ,62.97 ,32.42 ,1.26 ,50.83 ,49.17 ,32.70 ,30.26 ,7.23 ,1.81 ,1.24 ,31.64 ,2.55 
0,CITIBANK,32.86 ,46.16 ,11.17 ,4.16 ,0.00 ,4.33 ,52.70 ,67.54 ,4.43 ,3.69 ,17.24 ,76.71 ,62.24 ,14.47 ,23.29 ,14.74 ,48.66 ,43.71 ,44.04 ,76.26 ,1.39 ,44.86 ,55.14 ,6.11 ,69.28 ,5.84 ,0.81 ,1.25 ,(5.31),13.44 
0,POPULAR,34.94 ,54.66 ,1.77 ,3.27 ,2.21 ,4.38 ,56.41 ,82.29 ,0.96 ,6.96 ,9.09 ,96.05 ,62.39 ,33.66 ,3.95 ,3.92 ,42.46 ,39.88 ,35.46 ,64.39 ,1.50 ,44.93 ,55.07 ,33.10 ,62.07 ,4.46 ,1.33 ,1.41 ,3.04 ,5.10 
0,DEL PROGRESO,37.42 ,47.33 ,3.76 ,3.29 ,0.83 ,6.41 ,48.20 ,79.91 ,2.02 ,5.11 ,6.15 ,89.34 ,44.81 ,44.53 ,10.66 ,4.84 ,46.82 ,41.88 ,39.94 ,57.19 ,1.12 ,33.36 ,66.64 ,30.73 ,54.44 ,4.50 ,1.97 ,1.00 ,1.51 ,1.60 
0,B.H.D.,27.35 ,61.05 ,2.28 ,3.10 ,1.39 ,4.19 ,59.11 ,74.69 ,2.97 ,4.53 ,7.82 ,87.12 ,44.47 ,42.65 ,12.88 ,6.42 ,36.62 ,33.06 ,27.97 ,76.56 ,0.96 ,45.27 ,54.73 ,20.98 ,68.70 ,3.48 ,1.74 ,0.87 ,5.16 ,5.05 
0,CRUZ,67.59 ,24.35 ,0.00 ,5.93 ,0.09 ,1.36 ,24.53 ,79.81 ,0.27 ,10.10 ,15.01 ,97.77 ,50.23 ,47.54 ,2.23 ,2.93 ,84.70 ,81.95 ,67.59 ,29.53 ,0.84 ,42.92 ,57.08 ,4.40 ,28.65 ,7.57 ,1.44 ,0.81 ,14.71 ,0.82 
0,BDI,19.77 ,63.21 ,9.43 ,1.29 ,2.61 ,4.66 ,65.19 ,82.43 ,0.71 ,11.90 ,12.34 ,84.23 ,76.01 ,8.23 ,15.77 ,4.52 ,23.98 ,23.23 ,29.02 ,85.37 ,0.50 ,61.20 ,38.80 ,6.07 ,82.86 ,4.90 ,3.45 ,0.48 ,(4.52),1.76 
0,PROFESIONAL,43.51 ,25.86 ,26.74 ,1.50 ,0.12 ,1.16 ,52.10 ,78.86 ,1.67 ,5.52 ,7.47 ,93.68 ,74.75 ,18.93 ,6.32 ,4.45 ,55.17 ,48.38 ,70.20 ,58.50 ,0.53 ,55.30 ,44.70 ,3.53 ,56.85 ,5.90 ,2.45 ,0.46 ,13.17 ,1.88 
0,VIMENCA,25.68 ,5.02 ,63.72 ,2.20 ,0.00 ,1.34 ,68.82 ,87.86 ,0.61 ,9.40 ,11.29 ,99.99 ,99.99 ,0.00 ,0.01 ,1.72 ,29.23 ,29.23 ,89.40 ,78.23 ,1.11 ,46.28 ,53.72 ,29.22 ,77.48 ,4.78 ,1.86 ,1.11 ,14.27 ,0.20 
0,RESERVAS,26.17 ,59.06 ,3.51 ,4.03 ,0.74 ,4.03 ,60.86 ,75.98 ,3.12 ,2.73 ,6.19 ,93.66 ,62.95 ,30.71 ,6.34 ,3.56 ,34.45 ,31.31 ,28.11 ,74.84 ,1.47 ,54.42 ,45.58 ,29.48 ,66.69 ,5.08 ,2.05 ,1.34 ,11.48 ,12.16 
0,SCOTIA BANK,59.43 ,29.93 ,0.05 ,4.81 ,0.05 ,3.75 ,28.39 ,79.39 ,9.53 ,6.29 ,8.53 ,89.75 ,80.95 ,8.80 ,10.25 ,5.19 ,74.86 ,74.04 ,59.48 ,37.36 ,1.89 ,56.94 ,43.06 ,19.18 ,32.78 ,13.36 ,2.93 ,1.86 ,35.68 ,15.30 
0,CITIBANK,36.38 ,45.94 ,7.59 ,4.40 ,0.43 ,4.73 ,49.17 ,68.90 ,4.27 ,3.90 ,16.88 ,77.22 ,63.85 ,13.37 ,22.78 ,14.66 ,52.79 ,48.26 ,43.97 ,71.02 ,2.56 ,41.09 ,58.91 ,12.98 ,64.41 ,9.97 ,1.28 ,2.34 ,1.05 ,14.34 
0,POPULAR,36.62 ,52.20 ,2.21 ,3.53 ,1.87 ,4.45 ,55.18 ,84.33 ,1.48 ,7.63 ,8.41 ,96.14 ,66.30 ,29.84 ,3.86 ,5.26 ,43.43 ,41.52 ,37.21 ,61.68 ,1.82 ,42.14 ,57.86 ,30.61 ,59.41 ,7.11 ,2.04 ,1.74 ,4.34 ,4.57 
0,PROGRESO,36.62 ,46.91 ,4.23 ,3.34 ,0.85 ,7.52 ,49.73 ,80.35 ,1.84 ,5.49 ,6.74 ,92.43 ,51.98 ,40.45 ,7.57 ,4.72 ,45.57 ,41.16 ,39.60 ,57.48 ,1.81 ,32.52 ,67.48 ,25.60 ,54.83 ,6.58 ,3.02 ,1.63 ,2.84 ,1.87 
0,B.H.D.,28.62 ,60.28 ,2.26 ,3.31 ,1.47 ,4.45 ,61.50 ,76.23 ,2.58 ,5.57 ,8.33 ,92.01 ,47.56 ,44.45 ,7.99 ,6.38 ,37.54 ,34.32 ,29.27 ,75.00 ,1.58 ,42.81 ,57.19 ,26.02 ,68.22 ,5.61 ,2.70 ,1.45 ,7.03 ,6.00 
0,CRUZ,42.59 ,22.75 ,25.54 ,6.66 ,0.10 ,1.91 ,48.71 ,78.40 ,0.47 ,10.96 ,17.14 ,98.10 ,61.72 ,36.38 ,1.90 ,3.68 ,54.32 ,52.76 ,68.13 ,59.83 ,1.47 ,43.87 ,56.13 ,8.81 ,58.28 ,7.75 ,2.51 ,1.43 ,20.75 ,0.88 
0,SANTIAGO,81.17 ,13.81 ,0.00 ,1.98 ,1.08 ,2.53 ,9.79 ,63.91 ,0.71 ,27.10 ,34.66 ,48.01 ,48.01 ,0.00 ,51.99 ,32.25 ,127.00 ,126.51 ,81.17 ,21.53 ,3.74 ,45.26 ,54.74 ,39.51 ,21.14 ,38.03 ,1.65 ,3.72 ,20.10 ,0.75 
0,BDI,18.30 ,65.09 ,9.25 ,1.31 ,2.64 ,4.65 ,70.82 ,82.43 ,0.45 ,12.03 ,13.06 ,90.37 ,82.56 ,7.81 ,9.63 ,4.47 ,22.20 ,21.57 ,27.43 ,87.63 ,0.89 ,52.50 ,47.50 ,9.45 ,85.50 ,7.68 ,5.26 ,0.86 ,1.55 ,0.85 
0,PROFESIONAL,46.01 ,30.79 ,18.50 ,1.86 ,0.15 ,1.62 ,48.91 ,88.60 ,1.13 ,6.90 ,9.53 ,94.46 ,76.52 ,17.94 ,5.54 ,4.36 ,51.93 ,51.83 ,64.45 ,55.53 ,0.81 ,56.51 ,43.49 ,5.06 ,54.48 ,11.70 ,4.52 ,0.81 ,16.07 ,2.15 
0,VIMENCA,17.48 ,5.52 ,71.72 ,2.14 ,0.00 ,1.42 ,77.30 ,86.33 ,0.51 ,9.00 ,11.84 ,100.00 ,100.00 ,0.00 ,0.00 ,1.22 ,20.24 ,20.24 ,89.20 ,89.47 ,1.77 ,42.23 ,57.77 ,29.53 ,87.61 ,7.69 ,3.38 ,1.77 ,21.87 ,0.24 
0,RESERVAS,31.43 ,55.80 ,3.22 ,3.92 ,0.59 ,3.10 ,57.75 ,78.52 ,2.60 ,2.50 ,5.76 ,94.06 ,62.63 ,31.43 ,5.94 ,3.76 ,40.04 ,36.73 ,33.20 ,68.95 ,1.82 ,52.50 ,47.50 ,29.37 ,62.63 ,6.75 ,2.47 ,1.67 ,13.62 ,12.14 
0,SCOTIA BANK,60.79 ,30.23 ,0.00 ,4.79 ,0.04 ,2.87 ,28.79 ,83.35 ,3.23 ,6.26 ,10.38 ,90.51 ,82.61 ,7.91 ,9.49 ,4.97 ,72.93 ,72.25 ,60.79 ,35.94 ,2.62 ,52.17 ,47.83 ,21.73 ,33.73 ,18.77 ,3.88 ,2.59 ,65.72 ,14.34 
0,CITIBANK,39.94 ,39.84 ,11.27 ,4.16 ,0.21 ,4.44 ,45.88 ,68.32 ,4.24 ,3.71 ,15.27 ,71.77 ,60.72 ,11.05 ,28.23 ,17.40 ,58.45 ,53.38 ,51.20 ,68.31 ,3.26 ,42.35 ,57.65 ,12.74 ,60.32 ,12.16 ,1.63 ,2.98 ,(3.84),20.31 
0,POPULAR,38.40 ,50.33 ,2.20 ,3.50 ,1.62 ,4.58 ,53.25 ,84.51 ,1.04 ,7.46 ,8.35 ,95.72 ,66.12 ,29.60 ,4.28 ,5.63 ,45.43 ,43.49 ,38.99 ,59.49 ,2.62 ,36.88 ,63.12 ,33.90 ,57.31 ,9.59 ,2.72 ,2.51 ,5.85 ,4.57 
0,DEL PROGRESO,38.80 ,42.59 ,6.96 ,3.13 ,0.86 ,7.31 ,48.97 ,80.74 ,2.14 ,5.96 ,6.41 ,93.75 ,49.56 ,44.19 ,6.25 ,4.95 ,48.05 ,43.60 ,41.63 ,55.68 ,2.36 ,31.18 ,68.82 ,22.09 ,52.95 ,8.22 ,3.80 ,2.14 ,3.97 ,1.45 
0,B.H.D.,30.34 ,57.48 ,2.16 ,3.15 ,1.40 ,4.21 ,57.56 ,75.06 ,2.96 ,5.29 ,8.01 ,89.79 ,47.14 ,42.65 ,10.21 ,6.84 ,40.42 ,37.01 ,30.90 ,72.76 ,2.10 ,42.88 ,57.12 ,26.25 ,64.84 ,7.62 ,3.48 ,1.92 ,8.49 ,0.04 
0,CRUZ,48.02 ,21.27 ,22.23 ,6.49 ,0.09 ,1.47 ,44.02 ,79.65 ,0.56 ,10.42 ,16.83 ,98.16 ,61.92 ,36.23 ,1.84 ,4.15 ,60.29 ,58.60 ,70.25 ,53.09 ,2.01 ,41.66 ,58.34 ,8.62 ,52.31 ,10.86 ,3.15 ,1.95 ,28.17 ,3.39 
0,SANTIAGO,82.59 ,12.36 ,0.00 ,1.85 ,1.04 ,2.51 ,8.99 ,61.95 ,2.77 ,25.89 ,34.58 ,47.61 ,47.61 ,0.00 ,52.39 ,34.55 ,133.31 ,132.81 ,82.59 ,19.87 ,5.13 ,43.55 ,56.45 ,41.47 ,18.89 ,59.40 ,2.43 ,5.11 ,25.39 ,1.24 
0,BDI,15.21 ,67.39 ,8.86 ,1.44 ,2.81 ,5.15 ,69.20 ,83.56 ,0.61 ,12.80 ,13.40 ,85.28 ,79.38 ,5.91 ,14.72 ,4.74 ,18.20 ,17.89 ,23.97 ,89.67 ,1.32 ,51.13 ,48.87 ,9.82 ,88.05 ,10.45 ,7.59 ,1.30 ,(2.04),0.00 
0,PROFESIONAL,44.01 ,32.92 ,18.28 ,1.83 ,0.09 ,1.42 ,50.77 ,87.37 ,1.00 ,7.87 ,9.65 ,94.68 ,77.31 ,17.37 ,5.32 ,4.05 ,50.37 ,50.29 ,62.22 ,58.51 ,1.19 ,60.93 ,39.07 ,6.27 ,56.67 ,14.45 ,5.95 ,1.19 ,19.99 ,0.00 
0,VIMENCA,20.63 ,5.00 ,69.46 ,1.90 ,0.00 ,1.06 ,74.52 ,86.90 ,0.39 ,7.53 ,10.73 ,100.00 ,100.00 ,0.00 ,0.00 ,1.12 ,23.74 ,23.74 ,90.09 ,85.69 ,2.19 ,38.98 ,61.02 ,30.31 ,83.41 ,10.22 ,4.30 ,2.19 ,32.04 ,0.00 
0,RESERVAS,31.84 ,54.62 ,3.00 ,3.85 ,0.66 ,3.09 ,56.39 ,79.41 ,2.13 ,2.41 ,5.67 ,93.82 ,63.22 ,30.60 ,6.18 ,4.02 ,40.09 ,37.76 ,33.44 ,68.35 ,2.26 ,50.91 ,49.09 ,29.89 ,61.08 ,8.26 ,3.10 ,2.13 ,15.65 ,14.29 
0,SCOTIA BANK,62.15 ,29.16 ,0.00 ,4.51 ,0.04 ,2.34 ,27.84 ,83.35 ,3.03 ,5.90 ,10.82 ,90.76 ,83.01 ,7.75 ,9.24 ,4.93 ,74.56 ,73.88 ,62.15 ,34.67 ,3.02 ,52.06 ,47.94 ,20.91 ,32.70 ,24.75 ,4.62 ,2.99 ,83.52 ,13.72 
0,CITIBANK,43.38 ,35.33 ,12.63 ,3.74 ,0.19 ,4.29 ,44.99 ,71.81 ,4.47 ,3.32 ,14.84 ,75.02 ,61.86 ,13.16 ,24.98 ,18.08 ,60.40 ,55.63 ,56.01 ,61.51 ,3.55 ,41.49 ,58.51 ,13.26 ,56.32 ,14.76 ,1.77 ,3.27 ,4.22 ,23.10 
0,POPULAR,41.03 ,48.20 ,2.16 ,3.36 ,1.38 ,4.21 ,50.79 ,86.14 ,0.66 ,7.15 ,8.09 ,95.78 ,67.40 ,28.38 ,4.22 ,5.08 ,47.64 ,45.82 ,41.64 ,56.23 ,3.10 ,35.95 ,64.05 ,33.77 ,54.79 ,12.31 ,3.30 ,2.98 ,7.09 ,2.69 
0,DEL PROGRESO,37.11 ,43.51 ,8.64 ,3.11 ,0.71 ,6.07 ,51.58 ,84.46 ,2.06 ,5.87 ,6.35 ,93.81 ,50.19 ,43.62 ,6.19 ,4.95 ,43.94 ,41.34 ,41.69 ,58.09 ,2.73 ,31.40 ,68.60 ,19.18 ,55.69 ,9.51 ,4.71 ,2.56 ,4.57 ,1.08 
0,B.H.D.,36.76 ,52.87 ,2.33 ,2.98 ,1.29 ,3.65 ,52.22 ,78.09 ,2.84 ,4.91 ,7.54 ,87.06 ,44.78 ,42.28 ,12.94 ,7.73 ,47.08 ,43.84 ,37.54 ,65.83 ,2.40 ,42.80 ,57.20 ,25.52 ,59.71 ,9.56 ,4.03 ,2.23 ,9.98 ,4.52 
0,CRUZ,52.61 ,18.75 ,18.72 ,5.65 ,0.08 ,3.86 ,37.92 ,78.28 ,2.99 ,9.14 ,15.56 ,97.24 ,61.98 ,35.26 ,2.76 ,5.02 ,67.21 ,65.43 ,71.34 ,46.60 ,2.25 ,42.63 ,57.37 ,10.45 ,44.38 ,13.61 ,3.71 ,2.19 ,34.89 ,0.87 
0,SANTIAGO,86.08 ,9.92 ,0.00 ,1.44 ,0.82 ,2.41 ,6.98 ,68.67 ,1.04 ,31.79 ,29.76 ,45.71 ,42.71 ,3.00 ,54.29 ,35.05 ,125.35 ,125.02 ,86.08 ,14.40 ,5.03 ,40.61 ,59.39 ,40.47 ,14.12 ,86.77 ,3.06 ,5.02 ,36.28 ,0.56 
0,BDI,17.17 ,64.35 ,10.18 ,1.38 ,2.75 ,5.25 ,67.96 ,84.27 ,0.72 ,13.08 ,12.18 ,85.24 ,79.35 ,5.89 ,14.76 ,5.06 ,20.38 ,19.95 ,27.26 ,86.59 ,1.72 ,48.07 ,51.93 ,10.13 ,84.87 ,13.06 ,9.21 ,1.68 ,(8.18),1.14 
0,PROFESIONAL,45.64 ,31.70 ,17.87 ,1.70 ,0.28 ,1.66 ,49.06 ,87.12 ,0.88 ,7.62 ,10.12 ,94.33 ,75.47 ,18.86 ,5.67 ,4.12 ,52.39 ,52.32 ,63.46 ,56.82 ,1.50 ,58.72 ,41.28 ,6.91 ,55.16 ,18.10 ,7.31 ,1.49 ,29.87 ,2.80 
0,VIMENCA,20.47 ,6.42 ,67.77 ,2.36 ,0.00 ,1.10 ,74.25 ,83.87 ,0.53 ,8.98 ,13.75 ,100.00 ,100.00 ,0.00 ,0.00 ,1.04 ,24.40 ,24.40 ,88.23 ,88.45 ,3.57 ,38.82 ,61.18 ,29.91 ,86.02 ,16.37 ,7.23 ,3.57 ,41.88 ,0.54 
0,RESERVAS,31.38 ,55.38 ,2.93 ,3.73 ,0.74 ,3.26 ,56.82 ,79.73 ,2.35 ,2.32 ,5.53 ,93.41 ,64.01 ,29.39 ,6.59 ,4.01 ,39.36 ,36.92 ,32.92 ,68.60 ,2.63 ,51.14 ,48.86 ,29.30 ,61.72 ,9.61 ,3.71 ,2.47 ,17.40 ,12.28 
0,SCOTIA BANK,62.41 ,29.81 ,0.00 ,4.39 ,0.04 ,1.48 ,28.58 ,82.99 ,4.08 ,5.74 ,9.82 ,91.42 ,84.60 ,6.82 ,8.58 ,4.64 ,75.20 ,74.55 ,62.41 ,35.61 ,3.64 ,50.77 ,49.23 ,22.59 ,33.05 ,28.82 ,5.45 ,3.61 ,70.89 ,6.49 
0,CITIBANK ,37.35 ,37.97 ,14.95 ,4.06 ,0.20 ,4.90 ,50.16 ,70.69 ,5.23 ,3.61 ,15.67 ,73.82 ,61.75 ,12.07 ,26.18 ,20.38 ,52.84 ,48.92 ,52.31 ,69.31 ,5.01 ,39.76 ,60.24 ,16.13 ,62.76 ,18.08 ,2.37 ,4.64 ,1.30 ,24.81 
0,POPULAR ,44.95 ,44.64 ,2.07 ,3.33 ,1.39 ,4.00 ,46.70 ,86.83 ,0.86 ,6.98 ,7.98 ,96.01 ,71.44 ,24.56 ,3.99 ,3.95 ,51.77 ,50.35 ,45.52 ,52.33 ,3.70 ,33.83 ,66.17 ,35.46 ,50.77 ,15.73 ,4.01 ,3.60 ,8.14 ,4.24 
0,DEL PROGRESO ,40.79 ,42.54 ,6.24 ,3.06 ,0.83 ,6.03 ,48.51 ,84.60 ,2.01 ,5.90 ,6.44 ,94.42 ,51.15 ,43.27 ,5.58 ,4.97 ,48.22 ,45.39 ,43.05 ,54.28 ,3.22 ,31.95 ,68.05 ,22.61 ,52.13 ,12.34 ,5.70 ,3.03 ,5.56 ,0.92 
0,B.H.D.,39.19 ,50.37 ,2.04 ,3.05 ,1.67 ,4.13 ,51.36 ,79.33 ,2.37 ,4.92 ,7.50 ,89.37 ,45.70 ,43.67 ,10.63 ,8.72 ,49.40 ,46.26 ,39.79 ,61.87 ,3.01 ,40.76 ,59.24 ,25.86 ,56.66 ,12.21 ,4.91 ,2.82 ,9.12 ,4.68 
0,CRUZ,44.02 ,19.33 ,29.38 ,5.69 ,0.08 ,1.23 ,49.41 ,80.24 ,0.33 ,12.05 ,16.44 ,97.84 ,68.06 ,29.79 ,2.16 ,5.62 ,54.85 ,53.52 ,73.39 ,59.22 ,2.57 ,42.70 ,57.30 ,13.50 ,58.28 ,12.20 ,4.40 ,2.51 ,34.12 ,0.73 
0,SANTIAGO,83.26 ,13.30 ,0.00 ,1.21 ,0.70 ,2.09 ,10.77 ,72.58 ,0.88 ,27.11 ,25.61 ,59.80 ,47.39 ,12.41 ,40.20 ,26.12 ,114.71 ,114.46 ,83.26 ,18.29 ,5.79 ,35.32 ,64.68 ,43.34 ,17.88 ,68.99 ,3.73 ,5.77 ,37.50 ,0.48 
0,BDI ,22.23 ,60.20 ,9.70 ,1.38 ,2.31 ,4.57 ,65.37 ,84.01 ,0.41 ,12.93 ,13.19 ,87.65 ,81.75 ,5.91 ,12.35 ,5.21 ,26.46 ,26.11 ,31.84 ,82.08 ,2.05 ,48.79 ,51.21 ,11.02 ,80.52 ,16.84 ,11.16 ,2.02 ,0.53 ,1.08 
0,PROFESIONAL ,47.23 ,30.30 ,18.16 ,1.83 ,0.25 ,1.96 ,48.25 ,87.69 ,0.77 ,8.05 ,10.66 ,94.84 ,75.76 ,19.08 ,5.16 ,4.50 ,53.86 ,53.73 ,65.33 ,55.13 ,1.91 ,58.54 ,41.46 ,7.94 ,54.25 ,23.25 ,9.35 ,1.91 ,29.58 ,1.49 
0,VIMENCA,17.48 ,5.70 ,71.98 ,1.92 ,0.00 ,0.79 ,77.74 ,86.70 ,0.43 ,7.27 ,11.58 ,100.00 ,100.00 ,0.00 ,0.00 ,0.95 ,20.16 ,20.16 ,89.46 ,89.59 ,3.48 ,39.26 ,60.74 ,29.06 ,87.86 ,16.12 ,7.51 ,3.48 ,47.52 ,0.18 
0,RESERVAS,35.78 ,49.77 ,4.15 ,3.57 ,0.71 ,3.18 ,53.06 ,80.40 ,2.53 ,2.26 ,5.46 ,93.82 ,66.15 ,27.68 ,6.18 ,4.53 ,44.50 ,42.07 ,38.56 ,63.40 ,3.09 ,49.39 ,50.61 ,29.52 ,57.03 ,12.09 ,4.35 ,2.92 ,19.10 ,12.52 
0,SCOTIA BANK,63.71 ,27.03 ,0.00 ,4.20 ,0.04 ,3.83 ,25.88 ,81.01 ,4.61 ,5.44 ,10.42 ,91.13 ,79.54 ,11.59 ,8.87 ,4.81 ,78.64 ,76.78 ,63.71 ,32.58 ,4.46 ,48.36 ,51.64 ,25.76 ,30.18 ,34.61 ,6.13 ,4.36 ,91.49 ,4.60 
0,CITIBANK,39.65 ,33.20 ,18.19 ,3.52 ,0.19 ,4.69 ,51.67 ,71.96 ,5.07 ,3.66 ,15.09 ,80.51 ,68.05 ,12.47 ,19.49 ,20.15 ,55.10 ,51.23 ,57.84 ,66.40 ,6.27 ,37.54 ,62.46 ,19.01 ,60.53 ,22.17 ,2.78 ,5.83 ,(3.64),19.21 
0,POPULAR,43.86 ,44.65 ,2.00 ,3.37 ,1.25 ,5.07 ,46.57 ,86.46 ,0.73 ,6.86 ,7.83 ,95.98 ,73.90 ,22.08 ,4.02 ,3.85 ,50.73 ,49.70 ,44.40 ,52.86 ,4.57 ,34.61 ,65.39 ,37.96 ,50.61 ,18.25 ,4.72 ,4.48 ,8.01 ,2.57 
0,DEL PROGRESO,44.90 ,39.58 ,6.12 ,3.06 ,0.91 ,5.10 ,45.38 ,85.96 ,0.93 ,6.15 ,6.84 ,93.95 ,51.00 ,42.96 ,6.05 ,5.27 ,52.23 ,49.52 ,47.02 ,50.41 ,3.78 ,32.77 ,67.23 ,27.42 ,49.06 ,15.83 ,6.73 ,3.58 ,6.27 ,1.42 
0,B.H.D.,42.72 ,47.26 ,1.80 ,3.06 ,1.63 ,3.92 ,47.65 ,79.96 ,2.34 ,4.86 ,7.50 ,88.15 ,47.17 ,40.98 ,11.85 ,9.14 ,53.43 ,50.23 ,43.17 ,57.69 ,3.47 ,40.86 ,59.14 ,26.70 ,53.04 ,15.17 ,5.73 ,3.27 ,10.52 ,8.12 
0,CRUZ,49.36 ,20.90 ,21.49 ,5.31 ,0.07 ,2.47 ,43.25 ,80.63 ,0.64 ,11.14 ,15.34 ,97.99 ,66.36 ,31.63 ,2.01 ,5.88 ,61.22 ,59.93 ,70.85 ,51.46 ,2.88 ,41.04 ,58.96 ,16.50 ,50.07 ,15.63 ,4.97 ,2.82 ,35.51 ,0.52 
0,SANTIAGO,85.31 ,10.67 ,0.00 ,1.39 ,0.63 ,2.50 ,9.09 ,74.62 ,0.87 ,24.24 ,23.72 ,69.72 ,55.19 ,14.52 ,30.28 ,18.13 ,114.32 ,114.11 ,85.31 ,14.28 ,6.17 ,34.29 ,65.71 ,42.70 ,13.99 ,98.65 ,4.46 ,6.15 ,42.45 ,0.43 
0,BDI,26.51 ,53.87 ,12.18 ,1.30 ,2.14 ,4.54 ,61.92 ,85.65 ,0.41 ,11.98 ,11.57 ,87.13 ,81.35 ,5.78 ,12.87 ,5.63 ,30.95 ,30.54 ,38.61 ,76.09 ,2.23 ,48.27 ,51.73 ,11.61 ,74.70 ,19.06 ,11.93 ,2.20 ,(4.85),0.89 
0,PROFESIONAL,64.41 ,28.76 ,2.40 ,1.83 ,0.25 ,1.70 ,30.70 ,87.25 ,1.00 ,8.09 ,10.64 ,93.80 ,74.10 ,19.70 ,6.20 ,4.70 ,73.82 ,73.67 ,66.75 ,35.63 ,2.30 ,57.80 ,42.20 ,8.99 ,34.86 ,41.96 ,11.03 ,2.29 ,28.60 ,2.27 
0,VIMENCA,21.90 ,6.75 ,66.63 ,1.83 ,0.00 ,0.71 ,73.42 ,86.62 ,0.41 ,6.73 ,11.49 ,100.00 ,100.00 ,0.00 ,0.00 ,0.75 ,25.29 ,25.29 ,88.53 ,84.70 ,3.78 ,40.11 ,59.89 ,27.83 ,82.90 ,19.61 ,8.81 ,3.78 ,58.29 ,0.24 
0,RESERVAS,33.11 ,52.12 ,4.51 ,4.02 ,0.72 ,3.33 ,55.77 ,82.71 ,2.47 ,2.43 ,5.95 ,93.59 ,70.32 ,23.26 ,6.41 ,4.84 ,40.03 ,38.48 ,36.13 ,65.82 ,3.78 ,48.96 ,51.04 ,29.77 ,60.22 ,14.17 ,5.44 ,3.63 ,20.80 ,10.26 
0,SCOTIA BANK,63.39 ,29.52 ,0.00 ,4.56 ,0.01 ,1.16 ,28.32 ,81.02 ,3.81 ,5.77 ,11.59 ,91.58 ,82.13 ,9.45 ,8.42 ,4.52 ,78.24 ,76.58 ,63.39 ,35.66 ,5.36 ,49.05 ,50.95 ,33.13 ,33.39 ,38.49 ,7.54 ,5.25 ,100.90 ,5.04 
0,CITIBANK,35.84 ,32.66 ,23.44 ,3.57 ,0.19 ,3.84 ,55.25 ,70.27 ,3.60 ,3.68 ,16.97 ,78.71 ,68.35 ,10.36 ,21.29 ,19.17 ,51.00 ,47.85 ,59.28 ,74.91 ,7.10 ,40.23 ,59.77 ,25.01 ,67.57 ,24.16 ,3.36 ,6.66 ,6.34 ,19.45 
0,POPULAR,38.14 ,44.95 ,6.25 ,3.54 ,1.51 ,6.07 ,50.81 ,85.99 ,0.63 ,7.19 ,8.50 ,95.30 ,76.06 ,19.25 ,4.70 ,3.86 ,44.35 ,43.58 ,42.90 ,58.50 ,5.53 ,35.10 ,64.90 ,38.74 ,55.96 ,19.97 ,5.70 ,5.43 ,11.78 ,2.42 
0,DEL PROGRESO,46.85 ,36.26 ,6.40 ,3.17 ,1.72 ,6.14 ,42.28 ,86.33 ,1.17 ,6.62 ,7.27 ,93.25 ,54.59 ,38.66 ,6.75 ,5.76 ,54.27 ,51.88 ,49.21 ,47.24 ,4.40 ,33.10 ,66.90 ,29.94 ,46.01 ,20.80 ,8.01 ,4.21 ,6.57 ,1.19 
0,B.H.D.,42.93 ,46.17 ,1.77 ,3.26 ,1.60 ,4.22 ,45.20 ,80.21 ,2.04 ,5.12 ,7.88 ,85.73 ,50.62 ,35.11 ,14.27 ,8.86 ,53.52 ,50.63 ,43.45 ,56.55 ,4.17 ,41.01 ,58.99 ,27.30 ,52.04 ,18.78 ,7.05 ,3.95 ,10.22 ,5.47 
0,CRUZ,48.64 ,19.45 ,23.80 ,5.58 ,0.08 ,1.80 ,44.28 ,79.13 ,0.92 ,11.80 ,16.24 ,97.37 ,75.50 ,21.87 ,2.63 ,7.51 ,61.46 ,60.02 ,72.44 ,53.38 ,3.70 ,42.67 ,57.33 ,21.27 ,51.63 ,19.31 ,6.28 ,3.61 ,35.34 ,0.81 
0,SANTIAGO,88.59 ,7.48 ,0.00 ,1.33 ,0.06 ,2.49 ,6.50 ,67.93 ,8.29 ,18.77 ,18.97 ,69.02 ,55.87 ,13.15 ,30.98 ,20.61 ,130.42 ,130.22 ,88.59 ,10.99 ,6.11 ,34.32 ,65.68 ,40.10 ,9.23 ,130.40 ,4.98 ,6.10 ,47.15 ,0.44 
0,BDI,27.11 ,53.68 ,11.35 ,1.33 ,2.10 ,4.82 ,59.76 ,85.85 ,0.43 ,12.07 ,11.47 ,85.13 ,80.08 ,5.05 ,14.87 ,5.60 ,31.58 ,31.23 ,38.37 ,74.91 ,2.55 ,48.65 ,51.35 ,11.70 ,73.45 ,21.87 ,13.74 ,2.52 ,(6.32),0.50 
0,PROFESIONAL,52.04 ,27.90 ,14.38 ,1.89 ,1.59 ,2.78 ,39.84 ,84.84 ,3.11 ,8.26 ,11.01 ,87.14 ,74.61 ,12.53 ,12.86 ,4.52 ,61.35 ,61.24 ,66.33 ,49.76 ,2.74 ,57.81 ,42.19 ,10.74 ,47.51 ,35.24 ,13.21 ,2.73 ,30.26 ,0.79 
0,VIMENCA,16.27 ,6.30 ,72.00 ,1.77 ,0.00 ,0.77 ,78.35 ,85.91 ,0.47 ,6.56 ,11.88 ,100.00 ,100.00 ,0.00 ,0.00 ,0.78 ,18.94 ,18.94 ,88.27 ,91.15 ,4.15 ,41.96 ,58.04 ,26.41 ,88.86 ,21.31 ,10.52 ,4.15 ,67.80 ,0.20 
0,RESERVAS,34.71 ,51.20 ,4.66 ,4.14 ,0.77 ,2.98 ,54.85 ,84.02 ,2.36 ,2.51 ,6.19 ,93.02 ,73.38 ,19.64 ,6.98 ,5.13 ,41.32 ,40.04 ,37.84 ,64.43 ,4.32 ,48.60 ,51.40 ,29.68 ,59.54 ,16.77 ,6.40 ,4.18 ,21.41 ,9.02 
0,SCOTIA BANK ,60.72 ,30.31 ,0.00 ,4.79 ,0.01 ,2.48 ,29.18 ,78.85 ,4.38 ,5.94 ,12.87 ,92.05 ,84.87 ,7.18 ,7.95 ,4.37 ,77.00 ,75.59 ,60.72 ,37.74 ,6.41 ,48.71 ,51.29 ,33.59 ,34.79 ,42.96 ,8.98 ,6.29 ,116.71 ,5.23 
0,CITIBANK,30.13 ,37.32 ,23.96 ,3.84 ,0.21 ,4.03 ,63.33 ,67.30 ,4.73 ,3.96 ,18.90 ,87.69 ,79.78 ,7.91 ,12.31 ,16.87 ,44.76 ,42.22 ,54.09 ,85.90 ,9.11 ,39.64 ,60.36 ,22.54 ,75.57 ,26.80 ,4.28 ,8.60 ,10.23 ,22.43 
0,POPULAR,37.12 ,45.96 ,5.50 ,3.69 ,1.54 ,6.60 ,51.56 ,85.96 ,0.64 ,7.75 ,9.29 ,96.43 ,80.40 ,16.03 ,3.57 ,3.78 ,43.19 ,42.58 ,41.07 ,59.03 ,6.66 ,34.85 ,65.15 ,38.08 ,56.74 ,23.98 ,6.86 ,6.56 ,13.42 ,2.38 
0,DEL PROGRESO,43.71 ,36.71 ,7.45 ,3.41 ,1.97 ,7.64 ,44.25 ,86.06 ,1.19 ,7.09 ,7.84 ,94.37 ,61.02 ,33.35 ,5.63 ,5.85 ,50.78 ,48.84 ,46.88 ,49.36 ,5.44 ,32.65 ,67.35 ,31.66 ,47.92 ,25.28 ,9.71 ,5.24 ,7.19 ,1.08 
0,B.H.D.,44.08 ,42.45 ,1.78 ,3.53 ,2.96 ,6.61 ,43.85 ,80.59 ,2.52 ,5.57 ,8.54 ,90.13 ,60.50 ,29.64 ,9.87 ,9.03 ,54.69 ,52.41 ,44.70 ,52.60 ,5.12 ,40.88 ,59.12 ,26.23 ,48.37 ,24.58 ,8.68 ,4.90 ,9.90 ,7.39 
0,CRUZ,49.14 ,21.20 ,20.83 ,6.16 ,0.08 ,1.61 ,43.29 ,79.31 ,0.47 ,12.53 ,17.38 ,98.19 ,82.16 ,16.03 ,1.81 ,7.30 ,61.97 ,60.80 ,69.98 ,52.00 ,4.47 ,43.36 ,56.64 ,15.43 ,50.87 ,23.82 ,7.59 ,4.39 ,36.46 ,0.87 
0,SANTIAGO,28.93 ,7.83 ,55.67 ,5.65 ,0.09 ,1.79 ,62.92 ,63.45 ,7.76 ,21.51 ,23.20 ,71.21 ,59.92 ,11.29 ,28.79 ,23.09 ,45.60 ,45.51 ,84.60 ,99.88 ,8.22 ,37.86 ,62.14 ,39.36 ,82.68 ,20.70 ,7.36 ,8.21 ,57.00 ,0.50 
0,BDI,27.34 ,58.11 ,6.22 ,1.39 ,2.15 ,5.16 ,59.77 ,84.20 ,0.43 ,12.38 ,12.72 ,87.33 ,80.68 ,6.64 ,12.67 ,5.24 ,32.47 ,32.11 ,33.47 ,75.55 ,3.03 ,48.72 ,51.28 ,12.76 ,73.71 ,25.72 ,16.05 ,3.00 ,1.28 ,0.67 
0,PROFESIONAL,50.68 ,28.61 ,14.79 ,2.00 ,1.67 ,2.86 ,43.33 ,84.18 ,2.76 ,8.80 ,11.82 ,95.27 ,80.48 ,14.79 ,4.73 ,4.53 ,60.20 ,60.12 ,65.36 ,51.48 ,3.30 ,57.57 ,42.43 ,13.20 ,49.21 ,40.72 ,15.63 ,3.29 ,31.40 ,1.23 
0,VIMENCA,18.86 ,6.16 ,69.44 ,1.67 ,0.00 ,0.71 ,75.64 ,86.48 ,0.53 ,6.21 ,11.41 ,99.98 ,99.98 ,0.00 ,0.02 ,0.76 ,21.81 ,21.81 ,88.29 ,87.42 ,4.45 ,42.39 ,57.61 ,25.80 ,85.33 ,23.82 ,11.66 ,4.45 ,70.25 ,0.33 
0,RESERVAS,33.62 ,51.10 ,5.79 ,4.01 ,0.73 ,3.03 ,56.44 ,85.27 ,2.27 ,2.45 ,5.90 ,93.78 ,73.07 ,20.71 ,6.22 ,5.39 ,39.43 ,38.23 ,37.92 ,64.70 ,4.57 ,48.48 ,51.52 ,29.85 ,60.46 ,17.69 ,6.90 ,4.44 ,18.75 ,9.28 
0,SCOTIA BANK,61.28 ,31.62 ,0.00 ,5.08 ,0.02 ,0.85 ,30.94 ,79.92 ,3.61 ,6.34 ,12.92 ,92.30 ,84.99 ,7.31 ,7.70 ,5.67 ,76.68 ,75.21 ,61.28 ,38.81 ,8.35 ,43.19 ,56.81 ,36.22 ,36.31 ,47.64 ,10.41 ,8.19 ,103.61 ,8.05 
0,CITIBANK,29.81 ,30.69 ,30.33 ,4.01 ,0.22 ,4.32 ,62.68 ,67.31 ,5.31 ,4.09 ,20.06 ,83.64 ,73.62 ,10.02 ,16.36 ,20.64 ,44.29 ,41.58 ,60.14 ,85.12 ,10.53 ,39.24 ,60.76 ,24.59 ,76.33 ,30.56 ,4.85 ,9.88 ,13.26 ,22.64 
0,POPULAR,37.29 ,45.85 ,5.48 ,3.72 ,1.50 ,6.48 ,51.12 ,85.64 ,1.17 ,7.67 ,9.37 ,95.83 ,80.19 ,15.64 ,4.17 ,3.73 ,43.54 ,43.00 ,41.21 ,59.20 ,7.50 ,35.39 ,64.61 ,39.77 ,56.64 ,26.34 ,7.54 ,7.41 ,15.56 ,2.46 
0,DEL PROGRESO,42.27 ,36.70 ,7.84 ,4.27 ,1.70 ,7.71 ,44.50 ,85.25 ,1.88 ,7.19 ,7.99 ,94.36 ,58.50 ,35.86 ,5.64 ,5.56 ,49.59 ,47.64 ,45.76 ,50.19 ,6.22 ,32.75 ,67.25 ,31.61 ,48.41 ,28.55 ,10.98 ,5.98 ,7.71 ,0.91 
0,B.H.D.,42.91 ,43.68 ,1.91 ,3.66 ,2.98 ,6.19 ,44.21 ,80.74 ,1.88 ,5.61 ,8.65 ,88.04 ,59.60 ,28.44 ,11.96 ,9.09 ,53.14 ,50.87 ,43.61 ,54.05 ,5.76 ,40.80 ,59.20 ,26.40 ,49.91 ,26.38 ,9.70 ,5.51 ,10.42 ,9.07 
0,CRUZ,44.27 ,20.05 ,27.20 ,5.35 ,0.07 ,1.76 ,48.26 ,81.50 ,0.68 ,10.98 ,15.60 ,97.58 ,80.07 ,17.51 ,2.42 ,7.11 ,54.32 ,53.39 ,71.47 ,56.98 ,4.44 ,43.00 ,57.00 ,17.93 ,55.98 ,20.63 ,7.24 ,4.36 ,39.78 ,1.10 
0,SANTIAGO,27.85 ,8.33 ,55.66 ,5.65 ,0.09 ,2.40 ,63.54 ,64.53 ,6.53 ,21.50 ,23.32 ,74.74 ,57.58 ,17.16 ,25.26 ,20.98 ,43.16 ,43.08 ,83.51 ,98.97 ,9.38 ,39.34 ,60.66 ,39.83 ,83.44 ,23.59 ,8.58 ,9.36 ,57.85 ,0.64 
0,BDI,30.24 ,55.46 ,6.16 ,1.60 ,2.01 ,5.05 ,55.18 ,83.97 ,0.58 ,12.23 ,12.61 ,83.35 ,73.02 ,10.33 ,16.65 ,5.69 ,36.01 ,35.57 ,36.32 ,72.48 ,3.46 ,47.52 ,52.48 ,12.42 ,70.51 ,29.98 ,17.46 ,3.42 ,1.68 ,0.70 
0,PROFESIONAL,49.34 ,29.14 ,15.10 ,2.02 ,1.60 ,3.03 ,43.99 ,84.23 ,2.49 ,8.95 ,12.07 ,94.63 ,79.32 ,15.31 ,5.37 ,4.56 ,58.58 ,58.49 ,64.34 ,52.44 ,3.75 ,56.96 ,43.04 ,13.09 ,50.31 ,44.28 ,17.32 ,3.74 ,31.86 ,0.84 
0,VIMENCA,19.68 ,6.30 ,67.42 ,1.50 ,0.00 ,0.79 ,73.76 ,86.51 ,0.47 ,5.63 ,10.76 ,100.00 ,100.00 ,0.00 ,0.00 ,0.67 ,22.75 ,22.75 ,87.11 ,85.22 ,4.54 ,42.66 ,57.34 ,25.32 ,82.61 ,25.26 ,12.33 ,4.54 ,77.07 ,0.03 
0,RESERVAS,33.12 ,52.20 ,5.43 ,4.09 ,0.74 ,3.01 ,56.55 ,86.07 ,2.09 ,2.49 ,5.97 ,92.52 ,75.37 ,17.15 ,7.48 ,5.51 ,38.48 ,37.42 ,37.04 ,65.13 ,5.09 ,48.75 ,51.25 ,29.90 ,61.30 ,19.72 ,7.76 ,4.95 ,18.16 ,8.22 
0,SCOTIA BANK,58.32 ,33.61 ,0.00 ,5.41 ,0.03 ,0.87 ,32.88 ,79.28 ,3.95 ,6.62 ,13.49 ,92.41 ,86.26 ,6.15 ,7.59 ,5.53 ,73.56 ,72.26 ,58.32 ,41.64 ,9.50 ,43.08 ,56.92 ,36.53 ,38.85 ,50.79 ,11.84 ,9.33 ,103.74 ,11.15 
0,CITIBANK,29.16 ,32.30 ,28.25 ,4.31 ,0.22 ,4.88 ,59.73 ,65.98 ,5.30 ,4.23 ,22.30 ,78.51 ,69.41 ,9.10 ,21.49 ,19.46 ,44.19 ,41.69 ,57.40 ,86.56 ,11.99 ,40.20 ,59.80 ,23.50 ,77.92 ,34.71 ,5.60 ,11.31 ,18.49 ,24.47 
0,POPULAR,37.44 ,48.11 ,3.15 ,3.75 ,1.47 ,6.40 ,50.57 ,86.10 ,0.78 ,7.74 ,9.55 ,95.06 ,82.12 ,12.94 ,4.94 ,3.56 ,43.49 ,43.00 ,38.97 ,58.86 ,8.08 ,33.81 ,66.19 ,39.39 ,56.67 ,29.05 ,8.35 ,7.99 ,16.78 ,3.12 
0,DEL PROGRESO,42.32 ,35.12 ,7.83 ,4.42 ,1.70 ,9.12 ,42.81 ,85.86 ,1.42 ,7.42 ,8.28 ,93.75 ,61.38 ,32.37 ,6.25 ,5.89 ,49.29 ,47.51 ,45.69 ,48.21 ,7.02 ,33.11 ,66.89 ,31.66 ,46.82 ,33.65 ,12.32 ,6.77 ,8.23 ,0.68 
0,B.H.D.,42.24 ,44.27 ,1.80 ,3.74 ,3.17 ,6.67 ,44.57 ,80.87 ,2.50 ,5.79 ,8.99 ,87.92 ,59.78 ,28.14 ,12.08 ,9.02 ,52.23 ,50.37 ,42.91 ,54.93 ,6.66 ,40.06 ,59.94 ,26.62 ,50.61 ,29.82 ,11.19 ,6.43 ,11.17 ,8.93 
0,CRUZ,53.68 ,19.96 ,18.63 ,4.91 ,0.07 ,1.20 ,39.31 ,79.79 ,0.50 ,10.02 ,15.31 ,96.15 ,82.72 ,13.43 ,3.85 ,7.18 ,67.28 ,66.31 ,72.31 ,47.68 ,4.66 ,42.52 ,57.48 ,16.12 ,45.58 ,25.58 ,7.53 ,4.59 ,50.26 ,0.78 
0,SANTIAGO,51.25 ,6.27 ,36.32 ,4.27 ,0.35 ,1.78 ,42.59 ,70.31 ,3.01 ,14.03 ,16.54 ,97.26 ,81.46 ,15.81 ,2.74 ,2.65 ,72.89 ,72.81 ,87.58 ,60.51 ,7.05 ,37.86 ,62.14 ,42.65 ,51.03 ,26.28 ,6.05 ,7.04 ,71.59 ,0.41 
0,BDI,28.07 ,50.47 ,13.80 ,1.60 ,2.02 ,4.65 ,52.36 ,84.48 ,0.74 ,12.27 ,12.51 ,71.63 ,65.10 ,6.53 ,28.37 ,6.27 ,33.23 ,32.80 ,41.78 ,75.10 ,3.84 ,46.81 ,53.19 ,13.05 ,73.46 ,31.19 ,19.01 ,3.79 ,0.51 ,14.13 
0,PROFESIONAL,46.05 ,30.26 ,16.81 ,2.14 ,1.70 ,3.10 ,40.76 ,84.18 ,2.08 ,9.54 ,12.68 ,75.51 ,65.56 ,9.95 ,24.49 ,4.61 ,54.70 ,54.63 ,62.75 ,55.83 ,4.33 ,57.43 ,42.57 ,13.79 ,53.90 ,47.78 ,20.10 ,4.33 ,29.99 ,1.32 
0,VIMENCA,20.83 ,11.12 ,58.33 ,2.27 ,0.00 ,1.28 ,69.52 ,81.77 ,0.95 ,8.23 ,15.98 ,100.00 ,100.00 ,0.00 ,0.00 ,0.56 ,25.48 ,25.48 ,79.17 ,84.94 ,7.83 ,43.18 ,56.82 ,25.68 ,82.67 ,42.56 ,20.78 ,7.83 ,79.85 ,0.12 
0,RESERVAS,29.32 ,55.87 ,5.59 ,4.09 ,1.44 ,3.63 ,60.90 ,85.67 ,2.13 ,2.49 ,6.47 ,93.98 ,71.15 ,22.83 ,6.02 ,5.07 ,34.22 ,33.27 ,33.21 ,69.75 ,5.77 ,48.44 ,51.56 ,31.44 ,65.71 ,20.55 ,8.61 ,5.61 ,28.01 ,11.41 
0,SCOTIA BANK,56.54 ,35.94 ,0.00 ,5.34 ,0.02 ,0.99 ,35.78 ,78.61 ,4.80 ,6.57 ,13.07 ,92.94 ,86.54 ,6.40 ,7.06 ,6.64 ,71.92 ,70.55 ,56.54 ,44.85 ,10.66 ,43.67 ,56.33 ,37.29 ,41.35 ,50.60 ,12.72 ,10.46 ,98.91 ,15.85 
0,CITIBANK,35.02 ,30.51 ,22.30 ,4.31 ,0.22 ,6.55 ,58.47 ,67.63 ,5.63 ,4.26 ,18.74 ,94.96 ,85.24 ,9.72 ,5.04 ,19.89 ,51.79 ,48.23 ,57.33 ,72.73 ,14.42 ,35.63 ,64.37 ,27.80 ,64.99 ,43.30 ,5.82 ,13.43 ,26.86 ,23.84 
0,POPULAR,40.80 ,46.07 ,3.77 ,4.48 ,1.35 ,3.94 ,50.97 ,86.37 ,1.17 ,7.42 ,9.87 ,96.57 ,82.81 ,13.75 ,3.43 ,5.74 ,47.24 ,46.75 ,43.01 ,57.10 ,9.01 ,35.61 ,64.39 ,40.98 ,55.29 ,31.29 ,8.75 ,8.92 ,24.44 ,1.84 
0,DEL PROGRESO,43.01 ,32.85 ,8.35 ,6.01 ,1.83 ,8.68 ,44.52 ,86.95 ,0.80 ,6.17 ,7.27 ,94.24 ,59.33 ,34.91 ,5.76 ,14.41 ,49.47 ,47.56 ,46.98 ,45.56 ,8.05 ,31.94 ,68.06 ,31.97 ,44.43 ,40.96 ,13.17 ,7.74 ,12.96 ,0.75 
0,B.H.D.,44.26 ,42.19 ,2.10 ,5.32 ,3.00 ,5.19 ,45.22 ,81.93 ,1.49 ,5.49 ,9.50 ,91.51 ,57.17 ,34.34 ,8.49 ,10.46 ,54.02 ,52.20 ,45.15 ,52.23 ,6.94 ,39.48 ,60.52 ,26.80 ,48.94 ,32.27 ,11.57 ,6.71 ,11.19 ,7.42 
0,CRUZ,41.11 ,28.18 ,21.78 ,5.45 ,0.07 ,1.35 ,51.47 ,79.69 ,0.50 ,10.87 ,18.05 ,98.64 ,69.29 ,29.35 ,1.36 ,6.37 ,51.59 ,50.74 ,62.89 ,61.66 ,5.73 ,42.41 ,57.59 ,18.49 ,60.97 ,23.73 ,9.00 ,5.64 ,63.62 ,0.85 
0,SANTIAGO,80.40 ,11.07 ,0.00 ,7.20 ,0.41 ,1.18 ,11.09 ,71.44 ,3.07 ,16.21 ,19.55 ,98.32 ,87.12 ,11.19 ,1.68 ,1.90 ,112.54 ,112.39 ,80.40 ,15.47 ,10.73 ,34.68 ,65.32 ,47.25 ,13.76 ,131.38 ,7.89 ,10.72 ,75.56 ,0.00 
0,BDI,26.27 ,49.48 ,15.78 ,3.90 ,1.83 ,3.24 ,61.52 ,84.30 ,0.69 ,11.98 ,13.23 ,84.51 ,74.75 ,9.77 ,15.49 ,8.56 ,31.16 ,30.79 ,41.97 ,76.48 ,4.32 ,46.55 ,53.45 ,12.96 ,75.21 ,32.79 ,20.11 ,4.27 ,2.58 ,16.00 
0,PROFESIONAL,43.37 ,33.39 ,16.53 ,2.35 ,1.99 ,2.82 ,41.46 ,84.20 ,1.29 ,10.53 ,13.68 ,70.97 ,59.73 ,11.24 ,29.03 ,4.95 ,51.50 ,51.50 ,59.78 ,59.28 ,5.59 ,53.08 ,46.92 ,14.48 ,57.83 ,53.06 ,23.77 ,5.59 ,27.04 ,2.13 
0,VIMENCA,18.97 ,12.42 ,57.10 ,2.60 ,0.00 ,1.43 ,69.63 ,81.32 ,0.86 ,9.09 ,16.93 ,100.00 ,100.00 ,0.00 ,0.00 ,0.83 ,23.33 ,23.33 ,76.07 ,85.50 ,9.03 ,43.35 ,56.65 ,26.34 ,83.69 ,47.00 ,23.01 ,9.03 ,85.28 ,0.18 
